GROUP	f1	f2	biotype_best_rank	GO.ID	term	Term	parentTerm	size	Significant	Annotated	n_miRNAs	classicFisher	classicKS	p.adj.fdr	Top
CONTRAST_C:+logFC	24 hpf	pH 8.0	Intergenic	GO:0016192	vesicle-mediated transport	vesicle-mediated transport	vesicle-mediated transport	139.0	8	8	17	0.04004202560558284	0.04004202560558284	0.8815524193548387	1
CONTRAST_C:+logFC	24 hpf	pH 8.0	Intergenic	GO:0001501	skeletal system development	skeletal system development	nervous system development	0.0	4	4	8	0.21365459192667025	0.21365459192667025	0.8815524193548387	2
CONTRAST_C:+logFC	24 hpf	pH 8.0	Intergenic	GO:0006468	protein phosphorylation	protein phosphorylation	regulation of transcription by RNA polymerase II	541.0	4	4	10	0.21365459192667025	0.21365459192667025	0.8815524193548387	3
CONTRAST_C:+logFC	24 hpf	pH 8.0	Intergenic	GO:0032956	regulation of actin cytoskeleton organization	regulation of actin cytoskeleton organization	cell projection organization	18.0	4	4	4	0.21365459192667025	0.21365459192667025	0.8815524193548387	4
CONTRAST_C:+logFC	24 hpf	pH 8.0	Intergenic	GO:0051276	chromosome organization	chromosome organization	microtubule cytoskeleton organization	11.0	4	4	25	0.21365459192667025	0.21365459192667025	0.8815524193548387	5
CONTRAST_C:+logFC	24 hpf	pH 8.0	Intergenic	GO:0010468	regulation of gene expression	regulation of gene expression	regulation of gene expression	103.0	14	18	30	0.25349012880262506	0.25349012880262506	0.8815524193548387	6
CONTRAST_C:+logFC	24 hpf	pH 8.0	Intergenic	GO:0030154	cell differentiation	cell differentiation	cell differentiation	305.0	13	17	15	0.3155673598295587	0.3155673598295587	0.8815524193548387	7
CONTRAST_C:+logFC	24 hpf	pH 8.0	Intergenic	GO:0007005	mitochondrion organization	mitochondrion organization	microtubule cytoskeleton organization	38.0	3	3	3	0.31787634408602156	0.31787634408602156	0.8815524193548387	8
CONTRAST_C:+logFC	24 hpf	pH 8.0	Intergenic	GO:0032940	secretion by cell	secretion by cell	G1/S transition of mitotic cell cycle	0.0	3	3	10	0.31787634408602156	0.31787634408602156	0.8815524193548387	9
CONTRAST_C:+logFC	24 hpf	pH 8.0	Intergenic	GO:0001822	kidney development	kidney development	angiogenesis	0.0	3	3	3	0.31787634408602156	0.31787634408602156	0.8815524193548387	10
CONTRAST_C:+logFC	24 hpf	pH 8.0	Intergenic	GO:1901653	cellular response to peptide	cellular response to peptide	response to salt	0.0	3	3	17	0.31787634408602156	0.31787634408602156	0.8815524193548387	11
CONTRAST_C:+logFC	24 hpf	pH 8.0	Intergenic	GO:0001701	in utero embryonic development	in utero embryonic development	nervous system development	0.0	3	3	6	0.31787634408602156	0.31787634408602156	0.8815524193548387	12
CONTRAST_C:+logFC	24 hpf	pH 8.0	Intergenic	GO:0045893	positive regulation of DNA-templated transcription	positive regulation of DNA-templated transcription	regulation of transcription by RNA polymerase II	50.0	5	6	20	0.38385401261401764	0.38385401261401764	0.8815524193548387	13
CONTRAST_C:+logFC	24 hpf	pH 8.0	Intergenic	GO:0045056	transcytosis	transcytosis	vesicle-mediated transport	1.0	2	2	3	0.46924603174603163	0.46924603174603163	0.8815524193548387	14
CONTRAST_C:+logFC	24 hpf	pH 8.0	Intergenic	GO:0008015	blood circulation	blood circulation	sensory perception of sound	0.0	2	2	6	0.46924603174603163	0.46924603174603163	0.8815524193548387	15
CONTRAST_C:+logFC	24 hpf	pH 8.0	Intergenic	GO:2001238	positive regulation of extrinsic apoptotic signaling pathway	positive regulation of extrinsic apoptotic signaling pathway	positive regulation of apoptotic process	0.0	2	2	3	0.46924603174603163	0.46924603174603163	0.8815524193548387	16
CONTRAST_C:+logFC	24 hpf	pH 8.0	Intergenic	GO:0001510	RNA methylation	RNA methylation	protein ubiquitination	21.0	2	2	2	0.46924603174603163	0.46924603174603163	0.8815524193548387	17
CONTRAST_C:+logFC	24 hpf	pH 8.0	Intergenic	GO:0032259	methylation	methylation	protein ubiquitination	101.0	2	2	2	0.46924603174603163	0.46924603174603163	0.8815524193548387	18
CONTRAST_C:+logFC	24 hpf	pH 8.0	Intergenic	GO:0010001	glial cell differentiation	glial cell differentiation	cell differentiation	0.0	2	2	2	0.46924603174603163	0.46924603174603163	0.8815524193548387	19
CONTRAST_C:+logFC	24 hpf	pH 8.0	Intergenic	GO:0009100	glycoprotein metabolic process	glycoprotein metabolic process	proteasome-mediated ubiquitin-dependent protein catabolic process	4.0	2	2	2	0.46924603174603163	0.46924603174603163	0.8815524193548387	20
CONTRAST_C:+logFC	24 hpf	pH 8.0	Intergenic	GO:0007605	sensory perception of sound	sensory perception of sound	sensory perception of sound	3.0	2	2	2	0.46924603174603163	0.46924603174603163	0.8815524193548387	21
CONTRAST_C:+logFC	24 hpf	pH 8.0	Intergenic	GO:0006909	phagocytosis	phagocytosis	vesicle-mediated transport	10.0	2	2	8	0.46924603174603163	0.46924603174603163	0.8815524193548387	22
CONTRAST_C:+logFC	24 hpf	pH 8.0	Intergenic	GO:0008283	cell population proliferation	cell population proliferation	chemical synaptic transmission	1.0	2	2	5	0.46924603174603163	0.46924603174603163	0.8815524193548387	23
CONTRAST_C:+logFC	24 hpf	pH 8.0	Intergenic	GO:0019882	antigen processing and presentation	antigen processing and presentation	chemical synaptic transmission	0.0	2	2	7	0.46924603174603163	0.46924603174603163	0.8815524193548387	24
CONTRAST_C:+logFC	24 hpf	pH 8.0	Intergenic	GO:0001505	regulation of neurotransmitter levels	regulation of neurotransmitter levels	regulation of cell shape	2.0	2	2	5	0.46924603174603163	0.46924603174603163	0.8815524193548387	25
CONTRAST_C:+logFC	24 hpf	pH 8.0	Intergenic	GO:0006099	tricarboxylic acid cycle	tricarboxylic acid cycle	tricarboxylic acid cycle	43.0	2	2	4	0.46924603174603163	0.46924603174603163	0.8815524193548387	26
CONTRAST_C:+logFC	24 hpf	pH 8.0	Intergenic	GO:0006898	receptor-mediated endocytosis	receptor-mediated endocytosis	vesicle-mediated transport	22.0	2	2	8	0.46924603174603163	0.46924603174603163	0.8815524193548387	27
CONTRAST_C:+logFC	24 hpf	pH 8.0	Intergenic	GO:0009060	aerobic respiration	aerobic respiration	tricarboxylic acid cycle	4.0	2	2	4	0.46924603174603163	0.46924603174603163	0.8815524193548387	28
CONTRAST_C:+logFC	24 hpf	pH 8.0	Intergenic	GO:0035909	aorta morphogenesis	aorta morphogenesis	nervous system development	0.0	2	2	2	0.46924603174603163	0.46924603174603163	0.8815524193548387	29
CONTRAST_C:+logFC	24 hpf	pH 8.0	Intergenic	GO:0048729	tissue morphogenesis	tissue morphogenesis	tissue morphogenesis	2.0	4	5	11	0.4985273811622305	0.4985273811622305	0.8815524193548387	30
CONTRAST_C:+logFC	24 hpf	pH 8.0	Intergenic	GO:0010629	negative regulation of gene expression	negative regulation of gene expression	negative regulation of gene expression	66.0	4	5	22	0.4985273811622305	0.4985273811622305	0.8815524193548387	31
CONTRAST_C:+logFC	24 hpf	pH 8.0	Intergenic	GO:0060548	negative regulation of cell death	negative regulation of cell death	negative regulation of apoptotic process	2.0	5	7	7	0.6211092578861819	0.6211092578861819	0.8815524193548387	32
CONTRAST_C:+logFC	24 hpf	pH 8.0	Intergenic	GO:0007165	signal transduction	signal transduction	signal transduction	543.0	9	13	17	0.6237643845518918	0.6237643845518918	0.8815524193548387	33
CONTRAST_C:+logFC	24 hpf	pH 8.0	Intergenic	GO:0045944	positive regulation of transcription by RNA polymerase II	positive regulation of transcription by RNA polymerase II	positive regulation of transcription by RNA polymerase II	250.0	3	4	17	0.6305416005640754	0.6305416005640754	0.8815524193548387	34
CONTRAST_C:+logFC	24 hpf	pH 8.0	Intergenic	GO:0051222	positive regulation of protein transport	positive regulation of protein transport	carbohydrate transport	1.0	3	4	7	0.6305416005640754	0.6305416005640754	0.8815524193548387	35
CONTRAST_C:+logFC	24 hpf	pH 8.0	Intergenic	GO:0006979	response to oxidative stress	response to oxidative stress	response to oxidative stress	75.0	3	4	3	0.6305416005640754	0.6305416005640754	0.8815524193548387	36
CONTRAST_C:+logFC	24 hpf	pH 8.0	Intergenic	GO:0007155	cell adhesion	cell adhesion	chemical synaptic transmission	59.0	3	4	4	0.6305416005640754	0.6305416005640754	0.8815524193548387	37
CONTRAST_C:+logFC	24 hpf	pH 8.0	Intergenic	GO:0030030	cell projection organization	cell projection organization	cell projection organization	31.0	3	4	7	0.6305416005640754	0.6305416005640754	0.8815524193548387	38
CONTRAST_C:+logFC	24 hpf	pH 8.0	Intergenic	GO:0006364	rRNA processing	rRNA processing	rRNA processing	90.0	3	4	7	0.6305416005640754	0.6305416005640754	0.8815524193548387	39
CONTRAST_C:+logFC	24 hpf	pH 8.0	Intergenic	GO:0035108	limb morphogenesis	limb morphogenesis	nervous system development	0.0	1	1	1	0.6875	0.6875	0.8815524193548387	40
CONTRAST_C:+logFC	24 hpf	pH 8.0	Intergenic	GO:0007283	spermatogenesis	spermatogenesis	spermatogenesis	71.0	1	1	3	0.6875	0.6875	0.8815524193548387	41
CONTRAST_C:+logFC	24 hpf	pH 8.0	Intergenic	GO:0031623	receptor internalization	receptor internalization	vesicle-mediated transport	1.0	1	1	1	0.6875	0.6875	0.8815524193548387	42
CONTRAST_C:+logFC	24 hpf	pH 8.0	Intergenic	GO:0014912	negative regulation of smooth muscle cell migration	negative regulation of smooth muscle cell migration	negative regulation of smooth muscle cell migration	0.0	1	1	1	0.6875	0.6875	0.8815524193548387	43
CONTRAST_C:+logFC	24 hpf	pH 8.0	Intergenic	GO:0016267	O-glycan processing, core 1	O-glycan processing, core 1	O-glycan processing, core 1	10.0	1	1	1	0.6875	0.6875	0.8815524193548387	44
CONTRAST_C:+logFC	24 hpf	pH 8.0	Intergenic	GO:0106077	histone succinylation	histone succinylation	cell differentiation	0.0	1	1	3	0.6875	0.6875	0.8815524193548387	45
CONTRAST_C:+logFC	24 hpf	pH 8.0	Intergenic	GO:0051977	lysophospholipid transport	lysophospholipid transport	carbohydrate transport	0.0	1	1	2	0.6875	0.6875	0.8815524193548387	46
CONTRAST_C:+logFC	24 hpf	pH 8.0	Intergenic	GO:0030595	leukocyte chemotaxis	leukocyte chemotaxis	leukocyte chemotaxis	0.0	1	1	5	0.6875	0.6875	0.8815524193548387	47
CONTRAST_C:+logFC	24 hpf	pH 8.0	Intergenic	GO:0071774	response to fibroblast growth factor	response to fibroblast growth factor	response to salt	0.0	1	1	1	0.6875	0.6875	0.8815524193548387	48
CONTRAST_C:+logFC	24 hpf	pH 8.0	Intergenic	GO:0060856	establishment of blood-brain barrier	establishment of blood-brain barrier	cell differentiation	0.0	1	1	2	0.6875	0.6875	0.8815524193548387	49
CONTRAST_C:+logFC	24 hpf	pH 8.0	Intergenic	GO:0002265	astrocyte activation involved in immune response	astrocyte activation involved in immune response	cell differentiation	0.0	1	1	1	0.6875	0.6875	0.8815524193548387	50
CONTRAST_C:+logFC	24 hpf	pH 8.0	Intergenic	GO:0045332	phospholipid translocation	phospholipid translocation	transmembrane transport	8.0	1	1	1	0.6875	0.6875	0.8815524193548387	51
CONTRAST_C:+logFC	24 hpf	pH 8.0	Intergenic	GO:0046326	positive regulation of glucose import	positive regulation of glucose import	carbohydrate transport	0.0	1	1	1	0.6875	0.6875	0.8815524193548387	52
CONTRAST_C:+logFC	24 hpf	pH 8.0	Intergenic	GO:1903078	positive regulation of protein localization to plasma membrane	positive regulation of protein localization to plasma membrane	positive regulation of protein localization to plasma membrane	4.0	1	1	1	0.6875	0.6875	0.8815524193548387	53
CONTRAST_C:+logFC	24 hpf	pH 8.0	Intergenic	GO:1990379	lipid transport across blood-brain barrier	lipid transport across blood-brain barrier	vesicle-mediated transport	0.0	1	1	2	0.6875	0.6875	0.8815524193548387	54
CONTRAST_C:+logFC	24 hpf	pH 8.0	Intergenic	GO:0043123	positive regulation of I-kappaB kinase/NF-kappaB signaling	positive regulation of I-kappaB kinase/NF-kappaB signaling	fibroblast growth factor receptor signaling pathway	0.0	1	1	1	0.6875	0.6875	0.8815524193548387	55
CONTRAST_C:+logFC	24 hpf	pH 8.0	Intergenic	GO:0051402	neuron apoptotic process	neuron apoptotic process	negative regulation of apoptotic process	3.0	1	1	6	0.6875	0.6875	0.8815524193548387	56
CONTRAST_C:+logFC	24 hpf	pH 8.0	Intergenic	GO:0001678	cellular glucose homeostasis	cellular glucose homeostasis	regulation of cell shape	6.0	1	1	2	0.6875	0.6875	0.8815524193548387	57
CONTRAST_C:+logFC	24 hpf	pH 8.0	Intergenic	GO:1902018	negative regulation of cilium assembly	negative regulation of cilium assembly	cell projection organization	0.0	1	1	3	0.6875	0.6875	0.8815524193548387	58
CONTRAST_C:+logFC	24 hpf	pH 8.0	Intergenic	GO:0060546	negative regulation of necroptotic process	negative regulation of necroptotic process	positive regulation of apoptotic process	0.0	1	1	1	0.6875	0.6875	0.8815524193548387	59
CONTRAST_C:+logFC	24 hpf	pH 8.0	Intergenic	GO:0003279	cardiac septum development	cardiac septum development	nervous system development	0.0	1	1	1	0.6875	0.6875	0.8815524193548387	60
CONTRAST_C:+logFC	24 hpf	pH 8.0	Intergenic	GO:0030198	extracellular matrix organization	extracellular matrix organization	microtubule cytoskeleton organization	46.0	1	1	1	0.6875	0.6875	0.8815524193548387	61
CONTRAST_C:+logFC	24 hpf	pH 8.0	Intergenic	GO:0001525	angiogenesis	angiogenesis	nervous system development	0.0	1	1	1	0.6875	0.6875	0.8815524193548387	62
CONTRAST_C:+logFC	24 hpf	pH 8.0	Intergenic	GO:1901224	positive regulation of NIK/NF-kappaB signaling	positive regulation of NIK/NF-kappaB signaling	fibroblast growth factor receptor signaling pathway	0.0	1	1	1	0.6875	0.6875	0.8815524193548387	63
CONTRAST_C:+logFC	24 hpf	pH 8.0	Intergenic	GO:0014898	cardiac muscle hypertrophy in response to stress	cardiac muscle hypertrophy in response to stress	sensory perception of sound	0.0	1	1	1	0.6875	0.6875	0.8815524193548387	64
CONTRAST_C:+logFC	24 hpf	pH 8.0	Intergenic	GO:0050852	T cell receptor signaling pathway	T cell receptor signaling pathway	fibroblast growth factor receptor signaling pathway	0.0	1	1	1	0.6875	0.6875	0.8815524193548387	65
CONTRAST_C:+logFC	24 hpf	pH 8.0	Intergenic	GO:0042908	xenobiotic transport	xenobiotic transport	transmembrane transport	8.0	1	1	1	0.6875	0.6875	0.8815524193548387	66
CONTRAST_C:+logFC	24 hpf	pH 8.0	Intergenic	GO:0010812	negative regulation of cell-substrate adhesion	negative regulation of cell-substrate adhesion	negative regulation of cell-substrate adhesion	0.0	1	1	1	0.6875	0.6875	0.8815524193548387	67
CONTRAST_C:+logFC	24 hpf	pH 8.0	Intergenic	GO:0051092	positive regulation of NF-kappaB transcription factor activity	positive regulation of NF-kappaB transcription factor activity	negative regulation of gene expression	1.0	1	1	1	0.6875	0.6875	0.8815524193548387	68
CONTRAST_C:+logFC	24 hpf	pH 8.0	Intergenic	GO:0042531	positive regulation of tyrosine phosphorylation of STAT protein	positive regulation of tyrosine phosphorylation of STAT protein	negative regulation of gene expression	0.0	1	1	2	0.6875	0.6875	0.8815524193548387	69
CONTRAST_C:+logFC	24 hpf	pH 8.0	Intergenic	GO:0060576	intestinal epithelial cell development	intestinal epithelial cell development	angiogenesis	0.0	1	1	1	0.6875	0.6875	0.8815524193548387	70
CONTRAST_C:+logFC	24 hpf	pH 8.0	Intergenic	GO:1902074	response to salt	response to salt	response to salt	17.0	1	1	2	0.6875	0.6875	0.8815524193548387	71
CONTRAST_C:+logFC	24 hpf	pH 8.0	Intergenic	GO:0034775	glutathione transmembrane transport	glutathione transmembrane transport	transmembrane transport	0.0	1	1	1	0.6875	0.6875	0.8815524193548387	72
CONTRAST_C:+logFC	24 hpf	pH 8.0	Intergenic	GO:0007033	vacuole organization	vacuole organization	microtubule cytoskeleton organization	4.0	1	1	1	0.6875	0.6875	0.8815524193548387	73
CONTRAST_C:+logFC	24 hpf	pH 8.0	Intergenic	GO:0045807	positive regulation of endocytosis	positive regulation of endocytosis	vesicle-mediated transport	6.0	1	1	1	0.6875	0.6875	0.8815524193548387	74
CONTRAST_C:+logFC	24 hpf	pH 8.0	Intergenic	GO:0097039	protein linear polyubiquitination	protein linear polyubiquitination	proteasome-mediated ubiquitin-dependent protein catabolic process	1.0	1	1	1	0.6875	0.6875	0.8815524193548387	75
CONTRAST_C:+logFC	24 hpf	pH 8.0	Intergenic	GO:1905167	positive regulation of lysosomal protein catabolic process	positive regulation of lysosomal protein catabolic process	protein phosphorylation	0.0	1	1	1	0.6875	0.6875	0.8815524193548387	76
CONTRAST_C:+logFC	24 hpf	pH 8.0	Intergenic	GO:0007167	enzyme-linked receptor protein signaling pathway	enzyme-linked receptor protein signaling pathway	signal transduction	0.0	1	1	1	0.6875	0.6875	0.8815524193548387	77
CONTRAST_C:+logFC	24 hpf	pH 8.0	Intergenic	GO:0060976	coronary vasculature development	coronary vasculature development	nervous system development	0.0	1	1	1	0.6875	0.6875	0.8815524193548387	78
CONTRAST_C:+logFC	24 hpf	pH 8.0	Intergenic	GO:0090382	phagosome maturation	phagosome maturation	microtubule cytoskeleton organization	0.0	1	1	1	0.6875	0.6875	0.8815524193548387	79
CONTRAST_C:+logFC	24 hpf	pH 8.0	Intergenic	GO:0015721	bile acid and bile salt transport	bile acid and bile salt transport	sodium ion transport	0.0	1	1	1	0.6875	0.6875	0.8815524193548387	80
CONTRAST_C:+logFC	24 hpf	pH 8.0	Intergenic	GO:0001958	endochondral ossification	endochondral ossification	nervous system development	0.0	1	1	1	0.6875	0.6875	0.8815524193548387	81
CONTRAST_C:+logFC	24 hpf	pH 8.0	Intergenic	GO:0048668	collateral sprouting	collateral sprouting	positive regulation of axon extension involved in regeneration	4.0	1	1	1	0.6875	0.6875	0.8815524193548387	82
CONTRAST_C:+logFC	24 hpf	pH 8.0	Intergenic	GO:1904211	membrane protein proteolysis involved in retrograde protein transport, ER to cytosol	membrane protein proteolysis involved in retrograde protein transport, ER to cytosol	intracellular protein transport	0.0	1	1	1	0.6875	0.6875	0.8815524193548387	83
CONTRAST_C:+logFC	24 hpf	pH 8.0	Intergenic	GO:0009101	glycoprotein biosynthetic process	glycoprotein biosynthetic process	proteasome-mediated ubiquitin-dependent protein catabolic process	0.0	1	1	1	0.6875	0.6875	0.8815524193548387	84
CONTRAST_C:+logFC	24 hpf	pH 8.0	Intergenic	GO:0032868	response to insulin	response to insulin	response to insulin	0.0	1	1	16	0.6875	0.6875	0.8815524193548387	85
CONTRAST_C:+logFC	24 hpf	pH 8.0	Intergenic	GO:0009303	rRNA transcription	rRNA transcription	regulation of transcription by RNA polymerase II	1.0	1	1	4	0.6875	0.6875	0.8815524193548387	86
CONTRAST_C:+logFC	24 hpf	pH 8.0	Intergenic	GO:0007089	traversing start control point of mitotic cell cycle	traversing start control point of mitotic cell cycle	positive regulation of MAPK cascade	0.0	1	1	3	0.6875	0.6875	0.8815524193548387	87
CONTRAST_C:+logFC	24 hpf	pH 8.0	Intergenic	GO:0016485	protein processing	protein processing	proteasome-mediated ubiquitin-dependent protein catabolic process	45.0	1	1	1	0.6875	0.6875	0.8815524193548387	88
CONTRAST_C:+logFC	24 hpf	pH 8.0	Intergenic	GO:1900223	positive regulation of amyloid-beta clearance	positive regulation of amyloid-beta clearance	sensory perception of sound	0.0	1	1	1	0.6875	0.6875	0.8815524193548387	89
CONTRAST_C:+logFC	24 hpf	pH 8.0	Intergenic	GO:0010977	negative regulation of neuron projection development	negative regulation of neuron projection development	positive regulation of axon extension involved in regeneration	1.0	1	1	1	0.6875	0.6875	0.8815524193548387	90
CONTRAST_C:+logFC	24 hpf	pH 8.0	Intergenic	GO:0044242	cellular lipid catabolic process	cellular lipid catabolic process	protein phosphorylation	0.0	1	1	2	0.6875	0.6875	0.8815524193548387	91
CONTRAST_C:+logFC	24 hpf	pH 8.0	Intergenic	GO:0043410	positive regulation of MAPK cascade	positive regulation of MAPK cascade	positive regulation of MAPK cascade	12.0	1	1	3	0.6875	0.6875	0.8815524193548387	92
CONTRAST_C:+logFC	24 hpf	pH 8.0	Intergenic	GO:0003417	growth plate cartilage development	growth plate cartilage development	nervous system development	0.0	1	1	1	0.6875	0.6875	0.8815524193548387	93
CONTRAST_C:+logFC	24 hpf	pH 8.0	Intergenic	GO:0043277	apoptotic cell clearance	apoptotic cell clearance	vesicle-mediated transport	9.0	1	1	1	0.6875	0.6875	0.8815524193548387	94
CONTRAST_C:+logFC	24 hpf	pH 8.0	Intergenic	GO:0033619	membrane protein proteolysis	membrane protein proteolysis	protein phosphorylation	4.0	1	1	1	0.6875	0.6875	0.8815524193548387	95
CONTRAST_C:+logFC	24 hpf	pH 8.0	Intergenic	GO:0072112	podocyte differentiation	podocyte differentiation	cell differentiation	0.0	1	1	1	0.6875	0.6875	0.8815524193548387	96
CONTRAST_C:+logFC	24 hpf	pH 8.0	Intergenic	GO:0032429	regulation of phospholipase A2 activity	regulation of phospholipase A2 activity	regulation of GTPase activity	0.0	1	1	1	0.6875	0.6875	0.8815524193548387	97
CONTRAST_C:+logFC	24 hpf	pH 8.0	Intergenic	GO:0048745	smooth muscle tissue development	smooth muscle tissue development	nervous system development	0.0	1	1	1	0.6875	0.6875	0.8815524193548387	98
CONTRAST_C:+logFC	24 hpf	pH 8.0	Intergenic	GO:0018107	peptidyl-threonine phosphorylation	peptidyl-threonine phosphorylation	regulation of transcription by RNA polymerase II	30.0	1	1	3	0.6875	0.6875	0.8815524193548387	99
CONTRAST_C:+logFC	24 hpf	pH 8.0	Intergenic	GO:2000587	negative regulation of platelet-derived growth factor receptor-beta signaling pathway	negative regulation of platelet-derived growth factor receptor-beta signaling pathway	signal transduction	0.0	1	1	1	0.6875	0.6875	0.8815524193548387	100
CONTRAST_C:+logFC	24 hpf	pH 8.0	Intergenic	GO:1904646	cellular response to amyloid-beta	cellular response to amyloid-beta	response to salt	0.0	1	1	1	0.6875	0.6875	0.8815524193548387	101
CONTRAST_C:+logFC	24 hpf	pH 8.0	Intergenic	GO:0030282	bone mineralization	bone mineralization	hematopoietic progenitor cell differentiation	0.0	1	1	5	0.6875	0.6875	0.8815524193548387	102
CONTRAST_C:+logFC	24 hpf	pH 8.0	Intergenic	GO:0002062	chondrocyte differentiation	chondrocyte differentiation	cell differentiation	0.0	1	1	1	0.6875	0.6875	0.8815524193548387	103
CONTRAST_C:+logFC	24 hpf	pH 8.0	Intergenic	GO:0042256	mature ribosome assembly	mature ribosome assembly	rRNA processing	5.0	1	1	5	0.6875	0.6875	0.8815524193548387	104
CONTRAST_C:+logFC	24 hpf	pH 8.0	Intergenic	GO:0007205	protein kinase C-activating G protein-coupled receptor signaling pathway	protein kinase C-activating G protein-coupled receptor signaling pathway	signal transduction	5.0	1	1	1	0.6875	0.6875	0.8815524193548387	105
CONTRAST_C:+logFC	24 hpf	pH 8.0	Intergenic	GO:0008203	cholesterol metabolic process	cholesterol metabolic process	mRNA splicing, via spliceosome	10.0	1	1	1	0.6875	0.6875	0.8815524193548387	106
CONTRAST_C:+logFC	24 hpf	pH 8.0	Intergenic	GO:0000165	MAPK cascade	MAPK cascade	signal transduction	46.0	1	1	2	0.6875	0.6875	0.8815524193548387	107
CONTRAST_C:+logFC	24 hpf	pH 8.0	Intergenic	GO:1903232	melanosome assembly	melanosome assembly	microtubule cytoskeleton organization	0.0	1	1	1	0.6875	0.6875	0.8815524193548387	108
CONTRAST_C:+logFC	24 hpf	pH 8.0	Intergenic	GO:0035646	endosome to melanosome transport	endosome to melanosome transport	intracellular protein transport	0.0	1	1	1	0.6875	0.6875	0.8815524193548387	109
CONTRAST_C:+logFC	24 hpf	pH 8.0	Intergenic	GO:1902749	regulation of cell cycle G2/M phase transition	regulation of cell cycle G2/M phase transition	positive regulation of MAPK cascade	1.0	1	1	5	0.6875	0.6875	0.8815524193548387	110
CONTRAST_C:+logFC	24 hpf	pH 8.0	Intergenic	GO:0030903	notochord development	notochord development	nervous system development	0.0	1	1	1	0.6875	0.6875	0.8815524193548387	111
CONTRAST_C:+logFC	24 hpf	pH 8.0	Intergenic	GO:0006121	mitochondrial electron transport, succinate to ubiquinone	mitochondrial electron transport, succinate to ubiquinone	tricarboxylic acid cycle	7.0	1	1	1	0.6875	0.6875	0.8815524193548387	112
CONTRAST_C:+logFC	24 hpf	pH 8.0	Intergenic	GO:0048539	bone marrow development	bone marrow development	hematopoietic progenitor cell differentiation	0.0	1	1	5	0.6875	0.6875	0.8815524193548387	113
CONTRAST_C:+logFC	24 hpf	pH 8.0	Intergenic	GO:0032438	melanosome organization	melanosome organization	microtubule cytoskeleton organization	1.0	1	1	1	0.6875	0.6875	0.8815524193548387	114
CONTRAST_C:+logFC	24 hpf	pH 8.0	Intergenic	GO:0099039	sphingolipid translocation	sphingolipid translocation	transmembrane transport	0.0	1	1	1	0.6875	0.6875	0.8815524193548387	115
CONTRAST_C:+logFC	24 hpf	pH 8.0	Intergenic	GO:1904750	negative regulation of protein localization to nucleolus	negative regulation of protein localization to nucleolus	positive regulation of protein localization to plasma membrane	0.0	1	1	4	0.6875	0.6875	0.8815524193548387	116
CONTRAST_C:+logFC	24 hpf	pH 8.0	Intergenic	GO:2000757	negative regulation of peptidyl-lysine acetylation	negative regulation of peptidyl-lysine acetylation	protein phosphorylation	0.0	1	1	1	0.6875	0.6875	0.8815524193548387	117
CONTRAST_C:+logFC	24 hpf	pH 8.0	Intergenic	GO:0032092	positive regulation of protein binding	positive regulation of protein binding	regulation of GTPase activity	0.0	1	1	1	0.6875	0.6875	0.8815524193548387	118
CONTRAST_C:+logFC	24 hpf	pH 8.0	Intergenic	GO:0043524	negative regulation of neuron apoptotic process	negative regulation of neuron apoptotic process	negative regulation of apoptotic process	0.0	1	1	1	0.6875	0.6875	0.8815524193548387	119
CONTRAST_C:+logFC	24 hpf	pH 8.0	Intergenic	GO:0097242	amyloid-beta clearance	amyloid-beta clearance	sensory perception of sound	0.0	1	1	1	0.6875	0.6875	0.8815524193548387	120
CONTRAST_C:+logFC	24 hpf	pH 8.0	Intergenic	GO:0007052	mitotic spindle organization	mitotic spindle organization	mitotic spindle organization	22.0	1	1	5	0.6875	0.6875	0.8815524193548387	121
CONTRAST_C:+logFC	24 hpf	pH 8.0	Intergenic	GO:0001833	inner cell mass cell proliferation	inner cell mass cell proliferation	hematopoietic progenitor cell differentiation	0.0	1	1	5	0.6875	0.6875	0.8815524193548387	122
CONTRAST_C:+logFC	24 hpf	pH 8.0	Intergenic	GO:0030199	collagen fibril organization	collagen fibril organization	microtubule cytoskeleton organization	3.0	1	1	1	0.6875	0.6875	0.8815524193548387	123
CONTRAST_C:+logFC	24 hpf	pH 8.0	Intergenic	GO:0006465	signal peptide processing	signal peptide processing	protein phosphorylation	13.0	1	1	1	0.6875	0.6875	0.8815524193548387	124
CONTRAST_C:+logFC	24 hpf	pH 8.0	Intergenic	GO:0008152	metabolic process	metabolic process	protein ubiquitination	82.0	29	43	32	0.7259728584030889	0.7259728584030889	0.9160125352500171	125
CONTRAST_C:+logFC	24 hpf	pH 8.0	Intergenic	GO:0007399	nervous system development	nervous system development	nervous system development	112.0	9	14	12	0.7714126083482189	0.7714126083482189	0.9160125352500171	126
CONTRAST_C:+logFC	24 hpf	pH 8.0	Intergenic	GO:0043087	regulation of GTPase activity	regulation of GTPase activity	regulation of GTPase activity	19.0	2	3	8	0.7719854070660521	0.7719854070660521	0.9160125352500171	127
CONTRAST_C:+logFC	24 hpf	pH 8.0	Intergenic	GO:0000226	microtubule cytoskeleton organization	microtubule cytoskeleton organization	cell differentiation	48.0	2	3	6	0.7719854070660521	0.7719854070660521	0.9160125352500171	128
CONTRAST_C:+logFC	24 hpf	pH 8.0	Intergenic	GO:0001934	positive regulation of protein phosphorylation	positive regulation of protein phosphorylation	negative regulation of gene expression	20.0	2	3	3	0.7719854070660521	0.7719854070660521	0.9160125352500171	129
CONTRAST_C:+logFC	24 hpf	pH 8.0	Intergenic	GO:0072657	protein localization to membrane	protein localization to membrane	positive regulation of protein localization to plasma membrane	3.0	2	3	16	0.7719854070660521	0.7719854070660521	0.9160125352500171	130
CONTRAST_C:+logFC	24 hpf	pH 8.0	Intergenic	GO:0000398	mRNA splicing, via spliceosome	mRNA splicing, via spliceosome	mRNA splicing, via spliceosome	122.0	2	3	5	0.7719854070660521	0.7719854070660521	0.9160125352500171	131
CONTRAST_C:+logFC	24 hpf	pH 8.0	Intergenic	GO:0030111	regulation of Wnt signaling pathway	regulation of Wnt signaling pathway	signal transduction	2.0	2	3	2	0.7719854070660521	0.7719854070660521	0.9160125352500171	132
CONTRAST_C:+logFC	24 hpf	pH 8.0	Intergenic	GO:0000209	protein polyubiquitination	protein polyubiquitination	protein ubiquitination	65.0	2	3	27	0.7719854070660521	0.7719854070660521	0.9160125352500171	133
CONTRAST_C:+logFC	24 hpf	pH 8.0	Intergenic	GO:0015908	fatty acid transport	fatty acid transport	carbohydrate transport	5.0	2	3	3	0.7719854070660521	0.7719854070660521	0.9160125352500171	134
CONTRAST_C:+logFC	24 hpf	pH 8.0	Intergenic	GO:0006357	regulation of transcription by RNA polymerase II	regulation of transcription by RNA polymerase II	regulation of transcription by RNA polymerase II	643.0	5	8	24	0.7959289122972506	0.7959289122972506	0.9309951599827988	135
CONTRAST_C:+logFC	24 hpf	pH 8.0	Intergenic	GO:0010942	positive regulation of cell death	positive regulation of cell death	negative regulation of apoptotic process	0.0	3	5	4	0.8285629296668429	0.8285629296668429	0.9309951599827988	136
CONTRAST_C:+logFC	24 hpf	pH 8.0	Intergenic	GO:0055085	transmembrane transport	transmembrane transport	transmembrane transport	462.0	3	5	5	0.8285629296668429	0.8285629296668429	0.9309951599827988	137
CONTRAST_C:+logFC	24 hpf	pH 8.0	Intergenic	GO:0071702	organic substance transport	organic substance transport	carbohydrate transport	6.0	8	13	22	0.8329327015966884	0.8329327015966884	0.9309951599827988	138
CONTRAST_C:+logFC	24 hpf	pH 8.0	Intergenic	GO:0009617	response to bacterium	response to bacterium	response to bacterium	0.0	4	7	9	0.8702272654219547	0.8702272654219547	0.9309951599827988	139
CONTRAST_C:+logFC	24 hpf	pH 8.0	Intergenic	GO:0030178	negative regulation of Wnt signaling pathway	negative regulation of Wnt signaling pathway	signal transduction	8.0	1	2	1	0.9057539682539683	0.9057539682539683	0.9309951599827988	140
CONTRAST_C:+logFC	24 hpf	pH 8.0	Intergenic	GO:0032374	regulation of cholesterol transport	regulation of cholesterol transport	carbohydrate transport	0.0	1	2	1	0.9057539682539683	0.9057539682539683	0.9309951599827988	141
CONTRAST_C:+logFC	24 hpf	pH 8.0	Intergenic	GO:0032370	positive regulation of lipid transport	positive regulation of lipid transport	carbohydrate transport	0.0	1	2	1	0.9057539682539683	0.9057539682539683	0.9309951599827988	142
CONTRAST_C:+logFC	24 hpf	pH 8.0	Intergenic	GO:0006412	translation	translation	translation	238.0	1	2	15	0.9057539682539683	0.9057539682539683	0.9309951599827988	143
CONTRAST_C:+logFC	24 hpf	pH 8.0	Intergenic	GO:0006511	ubiquitin-dependent protein catabolic process	ubiquitin-dependent protein catabolic process	protein ubiquitination	118.0	1	2	1	0.9057539682539683	0.9057539682539683	0.9309951599827988	144
CONTRAST_C:+logFC	24 hpf	pH 8.0	Intergenic	GO:0010875	positive regulation of cholesterol efflux	positive regulation of cholesterol efflux	carbohydrate transport	0.0	1	2	1	0.9057539682539683	0.9057539682539683	0.9309951599827988	145
CONTRAST_C:+logFC	24 hpf	pH 8.0	Intergenic	GO:0043161	proteasome-mediated ubiquitin-dependent protein catabolic process	proteasome-mediated ubiquitin-dependent protein catabolic process	proteasome-mediated ubiquitin-dependent protein catabolic process	75.0	1	2	1	0.9057539682539683	0.9057539682539683	0.9309951599827988	146
CONTRAST_C:+logFC	24 hpf	pH 8.0	Intergenic	GO:0032436	positive regulation of proteasomal ubiquitin-dependent protein catabolic process	positive regulation of proteasomal ubiquitin-dependent protein catabolic process	ubiquitin-dependent protein catabolic process	34.0	1	2	27	0.9057539682539683	0.9057539682539683	0.9309951599827988	147
CONTRAST_C:+logFC	24 hpf	pH 8.0	Intergenic	GO:0050729	positive regulation of inflammatory response	positive regulation of inflammatory response	signal transduction	0.0	1	2	2	0.9057539682539683	0.9057539682539683	0.9309951599827988	148
CONTRAST_C:+logFC	24 hpf	pH 8.0	Intergenic	GO:0008360	regulation of cell shape	regulation of cell shape	regulation of cell shape	14.0	1	2	8	0.9057539682539683	0.9057539682539683	0.9309951599827988	149
CONTRAST_C:+logFC	24 hpf	pH 8.0	Intergenic	GO:0032376	positive regulation of cholesterol transport	positive regulation of cholesterol transport	carbohydrate transport	0.0	1	2	1	0.9057539682539683	0.9057539682539683	0.9309951599827988	150
CONTRAST_C:+logFC	24 hpf	pH 8.0	Intergenic	GO:0032088	negative regulation of NF-kappaB transcription factor activity	negative regulation of NF-kappaB transcription factor activity	positive regulation of transcription by RNA polymerase II	1.0	1	2	1	0.9057539682539683	0.9057539682539683	0.9309951599827988	151
CONTRAST_C:+logFC	24 hpf	pH 8.0	Intergenic	GO:0016567	protein ubiquitination	protein ubiquitination	protein ubiquitination	210.0	2	4	27	0.913429213568029	0.913429213568029	0.9309951599827988	152
CONTRAST_C:+logFC	24 hpf	pH 8.0	Intergenic	GO:0043065	positive regulation of apoptotic process	positive regulation of apoptotic process	positive regulation of apoptotic process	23.0	2	4	3	0.913429213568029	0.913429213568029	0.9309951599827988	153
CONTRAST_C:+logFC	24 hpf	pH 8.0	Intergenic	GO:0042742	defense response to bacterium	defense response to bacterium	defense response to bacterium	15.0	2	4	8	0.913429213568029	0.913429213568029	0.9309951599827988	154
CONTRAST_C:+logFC	24 hpf	pH 8.0	Intergenic	GO:0043066	negative regulation of apoptotic process	negative regulation of apoptotic process	negative regulation of apoptotic process	38.0	2	4	2	0.913429213568029	0.913429213568029	0.9309951599827988	155
CONTRAST_C:+logFC	24 hpf	pH 8.0	Intergenic	GO:0007346	regulation of mitotic cell cycle	regulation of mitotic cell cycle	positive regulation of MAPK cascade	8.0	2	4	7	0.913429213568029	0.913429213568029	0.9309951599827988	156
CONTRAST_C:+logFC	24 hpf	pH 8.0	Intergenic	GO:0006886	intracellular protein transport	intracellular protein transport	intracellular protein transport	121.0	3	6	18	0.9292517410750298	0.9292517410750298	0.941089342872164	157
CONTRAST_C:+logFC	24 hpf	pH 8.0	Intergenic	GO:0008285	negative regulation of cell population proliferation	negative regulation of cell population proliferation	cell projection organization	7.0	1	3	3	0.9726382488479263	0.9726382488479263	0.9726382488479263	158
CONTRAST_C:+logFC	24 hpf	pH 8.0	Intergenic	GO:0030162	regulation of proteolysis	regulation of proteolysis	translation	8.0	1	3	27	0.9726382488479263	0.9726382488479263	0.9726382488479263	159
CONTRAST_C:+logFC	24 hpf	pH 8.0	Intragenic	GO:0006468	protein phosphorylation	protein phosphorylation	regulation of transcription by RNA polymerase II	541.0	4	4	7	0.3334655385157765	0.3334655385157765	0.9808295319864887	1
CONTRAST_C:+logFC	24 hpf	pH 8.0	Intragenic	GO:0051222	positive regulation of protein transport	positive regulation of protein transport	carbohydrate transport	1.0	4	4	7	0.3334655385157765	0.3334655385157765	0.9808295319864887	2
CONTRAST_C:+logFC	24 hpf	pH 8.0	Intragenic	GO:0006979	response to oxidative stress	response to oxidative stress	response to oxidative stress	75.0	4	4	6	0.3334655385157765	0.3334655385157765	0.9808295319864887	3
CONTRAST_C:+logFC	24 hpf	pH 8.0	Intragenic	GO:0032956	regulation of actin cytoskeleton organization	regulation of actin cytoskeleton organization	cell projection organization	18.0	4	4	7	0.3334655385157765	0.3334655385157765	0.9808295319864887	4
CONTRAST_C:+logFC	24 hpf	pH 8.0	Intragenic	GO:0007155	cell adhesion	cell adhesion	chemical synaptic transmission	59.0	4	4	6	0.3334655385157765	0.3334655385157765	0.9808295319864887	5
CONTRAST_C:+logFC	24 hpf	pH 8.0	Intragenic	GO:0071702	organic substance transport	organic substance transport	carbohydrate transport	6.0	11	13	12	0.3582153147330149	0.3582153147330149	0.9808295319864887	6
CONTRAST_C:+logFC	24 hpf	pH 8.0	Intragenic	GO:0000226	microtubule cytoskeleton organization	microtubule cytoskeleton organization	cell differentiation	48.0	3	3	3	0.44220430107526887	0.44220430107526887	0.9808295319864887	7
CONTRAST_C:+logFC	24 hpf	pH 8.0	Intragenic	GO:0001934	positive regulation of protein phosphorylation	positive regulation of protein phosphorylation	negative regulation of gene expression	20.0	3	3	4	0.44220430107526887	0.44220430107526887	0.9808295319864887	8
CONTRAST_C:+logFC	24 hpf	pH 8.0	Intragenic	GO:0001822	kidney development	kidney development	angiogenesis	0.0	3	3	3	0.44220430107526887	0.44220430107526887	0.9808295319864887	9
CONTRAST_C:+logFC	24 hpf	pH 8.0	Intragenic	GO:0072657	protein localization to membrane	protein localization to membrane	positive regulation of protein localization to plasma membrane	3.0	3	3	7	0.44220430107526887	0.44220430107526887	0.9808295319864887	10
CONTRAST_C:+logFC	24 hpf	pH 8.0	Intragenic	GO:0030111	regulation of Wnt signaling pathway	regulation of Wnt signaling pathway	signal transduction	2.0	3	3	7	0.44220430107526887	0.44220430107526887	0.9808295319864887	11
CONTRAST_C:+logFC	24 hpf	pH 8.0	Intragenic	GO:0001701	in utero embryonic development	in utero embryonic development	nervous system development	0.0	3	3	6	0.44220430107526887	0.44220430107526887	0.9808295319864887	12
CONTRAST_C:+logFC	24 hpf	pH 8.0	Intragenic	GO:0006886	intracellular protein transport	intracellular protein transport	intracellular protein transport	121.0	5	6	7	0.5680218071328056	0.5680218071328056	0.9808295319864887	13
CONTRAST_C:+logFC	24 hpf	pH 8.0	Intragenic	GO:0030178	negative regulation of Wnt signaling pathway	negative regulation of Wnt signaling pathway	signal transduction	8.0	2	2	5	0.5833333333333333	0.5833333333333333	0.9808295319864887	14
CONTRAST_C:+logFC	24 hpf	pH 8.0	Intragenic	GO:0045056	transcytosis	transcytosis	vesicle-mediated transport	1.0	2	2	4	0.5833333333333333	0.5833333333333333	0.9808295319864887	15
CONTRAST_C:+logFC	24 hpf	pH 8.0	Intragenic	GO:0010001	glial cell differentiation	glial cell differentiation	cell differentiation	0.0	2	2	5	0.5833333333333333	0.5833333333333333	0.9808295319864887	16
CONTRAST_C:+logFC	24 hpf	pH 8.0	Intragenic	GO:0006412	translation	translation	translation	238.0	2	2	4	0.5833333333333333	0.5833333333333333	0.9808295319864887	17
CONTRAST_C:+logFC	24 hpf	pH 8.0	Intragenic	GO:0009100	glycoprotein metabolic process	glycoprotein metabolic process	proteasome-mediated ubiquitin-dependent protein catabolic process	4.0	2	2	4	0.5833333333333333	0.5833333333333333	0.9808295319864887	18
CONTRAST_C:+logFC	24 hpf	pH 8.0	Intragenic	GO:0007605	sensory perception of sound	sensory perception of sound	sensory perception of sound	3.0	2	2	3	0.5833333333333333	0.5833333333333333	0.9808295319864887	19
CONTRAST_C:+logFC	24 hpf	pH 8.0	Intragenic	GO:0006909	phagocytosis	phagocytosis	vesicle-mediated transport	10.0	2	2	5	0.5833333333333333	0.5833333333333333	0.9808295319864887	20
CONTRAST_C:+logFC	24 hpf	pH 8.0	Intragenic	GO:0008283	cell population proliferation	cell population proliferation	chemical synaptic transmission	1.0	2	2	4	0.5833333333333333	0.5833333333333333	0.9808295319864887	21
CONTRAST_C:+logFC	24 hpf	pH 8.0	Intragenic	GO:0019882	antigen processing and presentation	antigen processing and presentation	chemical synaptic transmission	0.0	2	2	3	0.5833333333333333	0.5833333333333333	0.9808295319864887	22
CONTRAST_C:+logFC	24 hpf	pH 8.0	Intragenic	GO:0001505	regulation of neurotransmitter levels	regulation of neurotransmitter levels	regulation of cell shape	2.0	2	2	1	0.5833333333333333	0.5833333333333333	0.9808295319864887	23
CONTRAST_C:+logFC	24 hpf	pH 8.0	Intragenic	GO:0006099	tricarboxylic acid cycle	tricarboxylic acid cycle	tricarboxylic acid cycle	43.0	2	2	2	0.5833333333333333	0.5833333333333333	0.9808295319864887	24
CONTRAST_C:+logFC	24 hpf	pH 8.0	Intragenic	GO:0006898	receptor-mediated endocytosis	receptor-mediated endocytosis	vesicle-mediated transport	22.0	2	2	5	0.5833333333333333	0.5833333333333333	0.9808295319864887	25
CONTRAST_C:+logFC	24 hpf	pH 8.0	Intragenic	GO:0009060	aerobic respiration	aerobic respiration	tricarboxylic acid cycle	4.0	2	2	2	0.5833333333333333	0.5833333333333333	0.9808295319864887	26
CONTRAST_C:+logFC	24 hpf	pH 8.0	Intragenic	GO:0035909	aorta morphogenesis	aorta morphogenesis	nervous system development	0.0	2	2	6	0.5833333333333333	0.5833333333333333	0.9808295319864887	27
CONTRAST_C:+logFC	24 hpf	pH 8.0	Intragenic	GO:0008360	regulation of cell shape	regulation of cell shape	regulation of cell shape	14.0	2	2	4	0.5833333333333333	0.5833333333333333	0.9808295319864887	28
CONTRAST_C:+logFC	24 hpf	pH 8.0	Intragenic	GO:0030154	cell differentiation	cell differentiation	cell differentiation	305.0	13	17	10	0.6436558813688971	0.6436558813688971	0.9808295319864887	29
CONTRAST_C:+logFC	24 hpf	pH 8.0	Intragenic	GO:0048729	tissue morphogenesis	tissue morphogenesis	tissue morphogenesis	2.0	4	5	7	0.6669310770315531	0.6669310770315531	0.9808295319864887	30
CONTRAST_C:+logFC	24 hpf	pH 8.0	Intragenic	GO:0010942	positive regulation of cell death	positive regulation of cell death	negative regulation of apoptotic process	0.0	4	5	9	0.6669310770315531	0.6669310770315531	0.9808295319864887	31
CONTRAST_C:+logFC	24 hpf	pH 8.0	Intragenic	GO:0016192	vesicle-mediated transport	vesicle-mediated transport	vesicle-mediated transport	139.0	6	8	7	0.724732864522291	0.724732864522291	0.9808295319864887	32
CONTRAST_C:+logFC	24 hpf	pH 8.0	Intragenic	GO:0035108	limb morphogenesis	limb morphogenesis	nervous system development	0.0	1	1	3	0.765625	0.765625	0.9808295319864887	33
CONTRAST_C:+logFC	24 hpf	pH 8.0	Intragenic	GO:0007283	spermatogenesis	spermatogenesis	spermatogenesis	71.0	1	1	1	0.765625	0.765625	0.9808295319864887	34
CONTRAST_C:+logFC	24 hpf	pH 8.0	Intragenic	GO:0031623	receptor internalization	receptor internalization	vesicle-mediated transport	1.0	1	1	4	0.765625	0.765625	0.9808295319864887	35
CONTRAST_C:+logFC	24 hpf	pH 8.0	Intragenic	GO:0014912	negative regulation of smooth muscle cell migration	negative regulation of smooth muscle cell migration	negative regulation of smooth muscle cell migration	0.0	1	1	4	0.765625	0.765625	0.9808295319864887	36
CONTRAST_C:+logFC	24 hpf	pH 8.0	Intragenic	GO:0016267	O-glycan processing, core 1	O-glycan processing, core 1	O-glycan processing, core 1	10.0	1	1	1	0.765625	0.765625	0.9808295319864887	37
CONTRAST_C:+logFC	24 hpf	pH 8.0	Intragenic	GO:0000389	mRNA 3'-splice site recognition	mRNA 3'-splice site recognition	mRNA splicing, via spliceosome	3.0	1	1	2	0.765625	0.765625	0.9808295319864887	38
CONTRAST_C:+logFC	24 hpf	pH 8.0	Intragenic	GO:0106077	histone succinylation	histone succinylation	cell differentiation	0.0	1	1	1	0.765625	0.765625	0.9808295319864887	39
CONTRAST_C:+logFC	24 hpf	pH 8.0	Intragenic	GO:0051977	lysophospholipid transport	lysophospholipid transport	carbohydrate transport	0.0	1	1	1	0.765625	0.765625	0.9808295319864887	40
CONTRAST_C:+logFC	24 hpf	pH 8.0	Intragenic	GO:0030595	leukocyte chemotaxis	leukocyte chemotaxis	leukocyte chemotaxis	0.0	1	1	1	0.765625	0.765625	0.9808295319864887	41
CONTRAST_C:+logFC	24 hpf	pH 8.0	Intragenic	GO:0071774	response to fibroblast growth factor	response to fibroblast growth factor	response to salt	0.0	1	1	3	0.765625	0.765625	0.9808295319864887	42
CONTRAST_C:+logFC	24 hpf	pH 8.0	Intragenic	GO:0060856	establishment of blood-brain barrier	establishment of blood-brain barrier	cell differentiation	0.0	1	1	1	0.765625	0.765625	0.9808295319864887	43
CONTRAST_C:+logFC	24 hpf	pH 8.0	Intragenic	GO:0002265	astrocyte activation involved in immune response	astrocyte activation involved in immune response	cell differentiation	0.0	1	1	4	0.765625	0.765625	0.9808295319864887	44
CONTRAST_C:+logFC	24 hpf	pH 8.0	Intragenic	GO:0000350	generation of catalytic spliceosome for second transesterification step	generation of catalytic spliceosome for second transesterification step	mRNA splicing, via spliceosome	3.0	1	1	2	0.765625	0.765625	0.9808295319864887	45
CONTRAST_C:+logFC	24 hpf	pH 8.0	Intragenic	GO:0045332	phospholipid translocation	phospholipid translocation	transmembrane transport	8.0	1	1	2	0.765625	0.765625	0.9808295319864887	46
CONTRAST_C:+logFC	24 hpf	pH 8.0	Intragenic	GO:0046326	positive regulation of glucose import	positive regulation of glucose import	carbohydrate transport	0.0	1	1	2	0.765625	0.765625	0.9808295319864887	47
CONTRAST_C:+logFC	24 hpf	pH 8.0	Intragenic	GO:1903078	positive regulation of protein localization to plasma membrane	positive regulation of protein localization to plasma membrane	positive regulation of protein localization to plasma membrane	4.0	1	1	4	0.765625	0.765625	0.9808295319864887	48
CONTRAST_C:+logFC	24 hpf	pH 8.0	Intragenic	GO:1990379	lipid transport across blood-brain barrier	lipid transport across blood-brain barrier	vesicle-mediated transport	0.0	1	1	1	0.765625	0.765625	0.9808295319864887	49
CONTRAST_C:+logFC	24 hpf	pH 8.0	Intragenic	GO:0051402	neuron apoptotic process	neuron apoptotic process	negative regulation of apoptotic process	3.0	1	1	3	0.765625	0.765625	0.9808295319864887	50
CONTRAST_C:+logFC	24 hpf	pH 8.0	Intragenic	GO:0001678	cellular glucose homeostasis	cellular glucose homeostasis	regulation of cell shape	6.0	1	1	1	0.765625	0.765625	0.9808295319864887	51
CONTRAST_C:+logFC	24 hpf	pH 8.0	Intragenic	GO:1902018	negative regulation of cilium assembly	negative regulation of cilium assembly	cell projection organization	0.0	1	1	3	0.765625	0.765625	0.9808295319864887	52
CONTRAST_C:+logFC	24 hpf	pH 8.0	Intragenic	GO:0003279	cardiac septum development	cardiac septum development	nervous system development	0.0	1	1	4	0.765625	0.765625	0.9808295319864887	53
CONTRAST_C:+logFC	24 hpf	pH 8.0	Intragenic	GO:0030198	extracellular matrix organization	extracellular matrix organization	microtubule cytoskeleton organization	46.0	1	1	3	0.765625	0.765625	0.9808295319864887	54
CONTRAST_C:+logFC	24 hpf	pH 8.0	Intragenic	GO:0001525	angiogenesis	angiogenesis	nervous system development	0.0	1	1	1	0.765625	0.765625	0.9808295319864887	55
CONTRAST_C:+logFC	24 hpf	pH 8.0	Intragenic	GO:0014898	cardiac muscle hypertrophy in response to stress	cardiac muscle hypertrophy in response to stress	sensory perception of sound	0.0	1	1	2	0.765625	0.765625	0.9808295319864887	56
CONTRAST_C:+logFC	24 hpf	pH 8.0	Intragenic	GO:0016226	iron-sulfur cluster assembly	iron-sulfur cluster assembly	tricarboxylic acid cycle	27.0	1	1	1	0.765625	0.765625	0.9808295319864887	57
CONTRAST_C:+logFC	24 hpf	pH 8.0	Intragenic	GO:0042908	xenobiotic transport	xenobiotic transport	transmembrane transport	8.0	1	1	2	0.765625	0.765625	0.9808295319864887	58
CONTRAST_C:+logFC	24 hpf	pH 8.0	Intragenic	GO:0010812	negative regulation of cell-substrate adhesion	negative regulation of cell-substrate adhesion	negative regulation of cell-substrate adhesion	0.0	1	1	3	0.765625	0.765625	0.9808295319864887	59
CONTRAST_C:+logFC	24 hpf	pH 8.0	Intragenic	GO:0042531	positive regulation of tyrosine phosphorylation of STAT protein	positive regulation of tyrosine phosphorylation of STAT protein	negative regulation of gene expression	0.0	1	1	1	0.765625	0.765625	0.9808295319864887	60
CONTRAST_C:+logFC	24 hpf	pH 8.0	Intragenic	GO:0060576	intestinal epithelial cell development	intestinal epithelial cell development	angiogenesis	0.0	1	1	1	0.765625	0.765625	0.9808295319864887	61
CONTRAST_C:+logFC	24 hpf	pH 8.0	Intragenic	GO:1902074	response to salt	response to salt	response to salt	17.0	1	1	1	0.765625	0.765625	0.9808295319864887	62
CONTRAST_C:+logFC	24 hpf	pH 8.0	Intragenic	GO:0034775	glutathione transmembrane transport	glutathione transmembrane transport	transmembrane transport	0.0	1	1	2	0.765625	0.765625	0.9808295319864887	63
CONTRAST_C:+logFC	24 hpf	pH 8.0	Intragenic	GO:0007033	vacuole organization	vacuole organization	microtubule cytoskeleton organization	4.0	1	1	3	0.765625	0.765625	0.9808295319864887	64
CONTRAST_C:+logFC	24 hpf	pH 8.0	Intragenic	GO:0045807	positive regulation of endocytosis	positive regulation of endocytosis	vesicle-mediated transport	6.0	1	1	4	0.765625	0.765625	0.9808295319864887	65
CONTRAST_C:+logFC	24 hpf	pH 8.0	Intragenic	GO:1905167	positive regulation of lysosomal protein catabolic process	positive regulation of lysosomal protein catabolic process	protein phosphorylation	0.0	1	1	4	0.765625	0.765625	0.9808295319864887	66
CONTRAST_C:+logFC	24 hpf	pH 8.0	Intragenic	GO:0007167	enzyme-linked receptor protein signaling pathway	enzyme-linked receptor protein signaling pathway	signal transduction	0.0	1	1	3	0.765625	0.765625	0.9808295319864887	67
CONTRAST_C:+logFC	24 hpf	pH 8.0	Intragenic	GO:0060976	coronary vasculature development	coronary vasculature development	nervous system development	0.0	1	1	4	0.765625	0.765625	0.9808295319864887	68
CONTRAST_C:+logFC	24 hpf	pH 8.0	Intragenic	GO:0090382	phagosome maturation	phagosome maturation	microtubule cytoskeleton organization	0.0	1	1	3	0.765625	0.765625	0.9808295319864887	69
CONTRAST_C:+logFC	24 hpf	pH 8.0	Intragenic	GO:0015721	bile acid and bile salt transport	bile acid and bile salt transport	sodium ion transport	0.0	1	1	2	0.765625	0.765625	0.9808295319864887	70
CONTRAST_C:+logFC	24 hpf	pH 8.0	Intragenic	GO:0001958	endochondral ossification	endochondral ossification	nervous system development	0.0	1	1	3	0.765625	0.765625	0.9808295319864887	71
CONTRAST_C:+logFC	24 hpf	pH 8.0	Intragenic	GO:0048668	collateral sprouting	collateral sprouting	positive regulation of axon extension involved in regeneration	4.0	1	1	1	0.765625	0.765625	0.9808295319864887	72
CONTRAST_C:+logFC	24 hpf	pH 8.0	Intragenic	GO:1904211	membrane protein proteolysis involved in retrograde protein transport, ER to cytosol	membrane protein proteolysis involved in retrograde protein transport, ER to cytosol	intracellular protein transport	0.0	1	1	2	0.765625	0.765625	0.9808295319864887	73
CONTRAST_C:+logFC	24 hpf	pH 8.0	Intragenic	GO:0009101	glycoprotein biosynthetic process	glycoprotein biosynthetic process	proteasome-mediated ubiquitin-dependent protein catabolic process	0.0	1	1	1	0.765625	0.765625	0.9808295319864887	74
CONTRAST_C:+logFC	24 hpf	pH 8.0	Intragenic	GO:0009303	rRNA transcription	rRNA transcription	regulation of transcription by RNA polymerase II	1.0	1	1	2	0.765625	0.765625	0.9808295319864887	75
CONTRAST_C:+logFC	24 hpf	pH 8.0	Intragenic	GO:0007089	traversing start control point of mitotic cell cycle	traversing start control point of mitotic cell cycle	positive regulation of MAPK cascade	0.0	1	1	3	0.765625	0.765625	0.9808295319864887	76
CONTRAST_C:+logFC	24 hpf	pH 8.0	Intragenic	GO:0016485	protein processing	protein processing	proteasome-mediated ubiquitin-dependent protein catabolic process	45.0	1	1	2	0.765625	0.765625	0.9808295319864887	77
CONTRAST_C:+logFC	24 hpf	pH 8.0	Intragenic	GO:1900223	positive regulation of amyloid-beta clearance	positive regulation of amyloid-beta clearance	sensory perception of sound	0.0	1	1	4	0.765625	0.765625	0.9808295319864887	78
CONTRAST_C:+logFC	24 hpf	pH 8.0	Intragenic	GO:0010977	negative regulation of neuron projection development	negative regulation of neuron projection development	positive regulation of axon extension involved in regeneration	1.0	1	1	4	0.765625	0.765625	0.9808295319864887	79
CONTRAST_C:+logFC	24 hpf	pH 8.0	Intragenic	GO:0048546	digestive tract morphogenesis	digestive tract morphogenesis	nervous system development	4.0	1	1	1	0.765625	0.765625	0.9808295319864887	80
CONTRAST_C:+logFC	24 hpf	pH 8.0	Intragenic	GO:0043410	positive regulation of MAPK cascade	positive regulation of MAPK cascade	positive regulation of MAPK cascade	12.0	1	1	3	0.765625	0.765625	0.9808295319864887	81
CONTRAST_C:+logFC	24 hpf	pH 8.0	Intragenic	GO:0018095	protein polyglutamylation	protein polyglutamylation	cell differentiation	9.0	1	1	1	0.765625	0.765625	0.9808295319864887	82
CONTRAST_C:+logFC	24 hpf	pH 8.0	Intragenic	GO:0003417	growth plate cartilage development	growth plate cartilage development	nervous system development	0.0	1	1	3	0.765625	0.765625	0.9808295319864887	83
CONTRAST_C:+logFC	24 hpf	pH 8.0	Intragenic	GO:0043277	apoptotic cell clearance	apoptotic cell clearance	vesicle-mediated transport	9.0	1	1	4	0.765625	0.765625	0.9808295319864887	84
CONTRAST_C:+logFC	24 hpf	pH 8.0	Intragenic	GO:0033619	membrane protein proteolysis	membrane protein proteolysis	protein phosphorylation	4.0	1	1	2	0.765625	0.765625	0.9808295319864887	85
CONTRAST_C:+logFC	24 hpf	pH 8.0	Intragenic	GO:0072112	podocyte differentiation	podocyte differentiation	cell differentiation	0.0	1	1	2	0.765625	0.765625	0.9808295319864887	86
CONTRAST_C:+logFC	24 hpf	pH 8.0	Intragenic	GO:0032429	regulation of phospholipase A2 activity	regulation of phospholipase A2 activity	regulation of GTPase activity	0.0	1	1	4	0.765625	0.765625	0.9808295319864887	87
CONTRAST_C:+logFC	24 hpf	pH 8.0	Intragenic	GO:0048745	smooth muscle tissue development	smooth muscle tissue development	nervous system development	0.0	1	1	3	0.765625	0.765625	0.9808295319864887	88
CONTRAST_C:+logFC	24 hpf	pH 8.0	Intragenic	GO:0018107	peptidyl-threonine phosphorylation	peptidyl-threonine phosphorylation	regulation of transcription by RNA polymerase II	30.0	1	1	3	0.765625	0.765625	0.9808295319864887	89
CONTRAST_C:+logFC	24 hpf	pH 8.0	Intragenic	GO:2000587	negative regulation of platelet-derived growth factor receptor-beta signaling pathway	negative regulation of platelet-derived growth factor receptor-beta signaling pathway	signal transduction	0.0	1	1	4	0.765625	0.765625	0.9808295319864887	90
CONTRAST_C:+logFC	24 hpf	pH 8.0	Intragenic	GO:1904646	cellular response to amyloid-beta	cellular response to amyloid-beta	response to salt	0.0	1	1	4	0.765625	0.765625	0.9808295319864887	91
CONTRAST_C:+logFC	24 hpf	pH 8.0	Intragenic	GO:0030282	bone mineralization	bone mineralization	hematopoietic progenitor cell differentiation	0.0	1	1	1	0.765625	0.765625	0.9808295319864887	92
CONTRAST_C:+logFC	24 hpf	pH 8.0	Intragenic	GO:0002062	chondrocyte differentiation	chondrocyte differentiation	cell differentiation	0.0	1	1	3	0.765625	0.765625	0.9808295319864887	93
CONTRAST_C:+logFC	24 hpf	pH 8.0	Intragenic	GO:0042256	mature ribosome assembly	mature ribosome assembly	rRNA processing	5.0	1	1	1	0.765625	0.765625	0.9808295319864887	94
CONTRAST_C:+logFC	24 hpf	pH 8.0	Intragenic	GO:0007205	protein kinase C-activating G protein-coupled receptor signaling pathway	protein kinase C-activating G protein-coupled receptor signaling pathway	signal transduction	5.0	1	1	4	0.765625	0.765625	0.9808295319864887	95
CONTRAST_C:+logFC	24 hpf	pH 8.0	Intragenic	GO:0008203	cholesterol metabolic process	cholesterol metabolic process	mRNA splicing, via spliceosome	10.0	1	1	4	0.765625	0.765625	0.9808295319864887	96
CONTRAST_C:+logFC	24 hpf	pH 8.0	Intragenic	GO:0000165	MAPK cascade	MAPK cascade	signal transduction	46.0	1	1	1	0.765625	0.765625	0.9808295319864887	97
CONTRAST_C:+logFC	24 hpf	pH 8.0	Intragenic	GO:1903232	melanosome assembly	melanosome assembly	microtubule cytoskeleton organization	0.0	1	1	3	0.765625	0.765625	0.9808295319864887	98
CONTRAST_C:+logFC	24 hpf	pH 8.0	Intragenic	GO:0035646	endosome to melanosome transport	endosome to melanosome transport	intracellular protein transport	0.0	1	1	3	0.765625	0.765625	0.9808295319864887	99
CONTRAST_C:+logFC	24 hpf	pH 8.0	Intragenic	GO:1902749	regulation of cell cycle G2/M phase transition	regulation of cell cycle G2/M phase transition	positive regulation of MAPK cascade	1.0	1	1	2	0.765625	0.765625	0.9808295319864887	100
CONTRAST_C:+logFC	24 hpf	pH 8.0	Intragenic	GO:0030903	notochord development	notochord development	nervous system development	0.0	1	1	3	0.765625	0.765625	0.9808295319864887	101
CONTRAST_C:+logFC	24 hpf	pH 8.0	Intragenic	GO:0042168	heme metabolic process	heme metabolic process	ubiquitin-dependent protein catabolic process	0.0	1	1	1	0.765625	0.765625	0.9808295319864887	102
CONTRAST_C:+logFC	24 hpf	pH 8.0	Intragenic	GO:0006783	heme biosynthetic process	heme biosynthetic process	regulation of transcription by RNA polymerase II	7.0	1	1	1	0.765625	0.765625	0.9808295319864887	103
CONTRAST_C:+logFC	24 hpf	pH 8.0	Intragenic	GO:0006121	mitochondrial electron transport, succinate to ubiquinone	mitochondrial electron transport, succinate to ubiquinone	tricarboxylic acid cycle	7.0	1	1	1	0.765625	0.765625	0.9808295319864887	104
CONTRAST_C:+logFC	24 hpf	pH 8.0	Intragenic	GO:0048539	bone marrow development	bone marrow development	hematopoietic progenitor cell differentiation	0.0	1	1	1	0.765625	0.765625	0.9808295319864887	105
CONTRAST_C:+logFC	24 hpf	pH 8.0	Intragenic	GO:0032438	melanosome organization	melanosome organization	microtubule cytoskeleton organization	1.0	1	1	3	0.765625	0.765625	0.9808295319864887	106
CONTRAST_C:+logFC	24 hpf	pH 8.0	Intragenic	GO:0099039	sphingolipid translocation	sphingolipid translocation	transmembrane transport	0.0	1	1	2	0.765625	0.765625	0.9808295319864887	107
CONTRAST_C:+logFC	24 hpf	pH 8.0	Intragenic	GO:1904750	negative regulation of protein localization to nucleolus	negative regulation of protein localization to nucleolus	positive regulation of protein localization to plasma membrane	0.0	1	1	2	0.765625	0.765625	0.9808295319864887	108
CONTRAST_C:+logFC	24 hpf	pH 8.0	Intragenic	GO:2000757	negative regulation of peptidyl-lysine acetylation	negative regulation of peptidyl-lysine acetylation	protein phosphorylation	0.0	1	1	2	0.765625	0.765625	0.9808295319864887	109
CONTRAST_C:+logFC	24 hpf	pH 8.0	Intragenic	GO:0032092	positive regulation of protein binding	positive regulation of protein binding	regulation of GTPase activity	0.0	1	1	4	0.765625	0.765625	0.9808295319864887	110
CONTRAST_C:+logFC	24 hpf	pH 8.0	Intragenic	GO:0043524	negative regulation of neuron apoptotic process	negative regulation of neuron apoptotic process	negative regulation of apoptotic process	0.0	1	1	4	0.765625	0.765625	0.9808295319864887	111
CONTRAST_C:+logFC	24 hpf	pH 8.0	Intragenic	GO:0097242	amyloid-beta clearance	amyloid-beta clearance	sensory perception of sound	0.0	1	1	4	0.765625	0.765625	0.9808295319864887	112
CONTRAST_C:+logFC	24 hpf	pH 8.0	Intragenic	GO:0007052	mitotic spindle organization	mitotic spindle organization	mitotic spindle organization	22.0	1	1	1	0.765625	0.765625	0.9808295319864887	113
CONTRAST_C:+logFC	24 hpf	pH 8.0	Intragenic	GO:0001833	inner cell mass cell proliferation	inner cell mass cell proliferation	hematopoietic progenitor cell differentiation	0.0	1	1	1	0.765625	0.765625	0.9808295319864887	114
CONTRAST_C:+logFC	24 hpf	pH 8.0	Intragenic	GO:0030199	collagen fibril organization	collagen fibril organization	microtubule cytoskeleton organization	3.0	1	1	3	0.765625	0.765625	0.9808295319864887	115
CONTRAST_C:+logFC	24 hpf	pH 8.0	Intragenic	GO:0006465	signal peptide processing	signal peptide processing	protein phosphorylation	13.0	1	1	2	0.765625	0.765625	0.9808295319864887	116
CONTRAST_C:+logFC	24 hpf	pH 8.0	Intragenic	GO:0001501	skeletal system development	skeletal system development	nervous system development	0.0	3	4	4	0.7684205887537459	0.7684205887537459	0.9808295319864887	117
CONTRAST_C:+logFC	24 hpf	pH 8.0	Intragenic	GO:0043065	positive regulation of apoptotic process	positive regulation of apoptotic process	positive regulation of apoptotic process	23.0	3	4	5	0.7684205887537459	0.7684205887537459	0.9808295319864887	118
CONTRAST_C:+logFC	24 hpf	pH 8.0	Intragenic	GO:0042742	defense response to bacterium	defense response to bacterium	defense response to bacterium	15.0	3	4	6	0.7684205887537459	0.7684205887537459	0.9808295319864887	119
CONTRAST_C:+logFC	24 hpf	pH 8.0	Intragenic	GO:0030030	cell projection organization	cell projection organization	cell projection organization	31.0	3	4	3	0.7684205887537459	0.7684205887537459	0.9808295319864887	120
CONTRAST_C:+logFC	24 hpf	pH 8.0	Intragenic	GO:0007346	regulation of mitotic cell cycle	regulation of mitotic cell cycle	positive regulation of MAPK cascade	8.0	3	4	5	0.7684205887537459	0.7684205887537459	0.9808295319864887	121
CONTRAST_C:+logFC	24 hpf	pH 8.0	Intragenic	GO:0006364	rRNA processing	rRNA processing	rRNA processing	90.0	3	4	3	0.7684205887537459	0.7684205887537459	0.9808295319864887	122
CONTRAST_C:+logFC	24 hpf	pH 8.0	Intragenic	GO:0051276	chromosome organization	chromosome organization	microtubule cytoskeleton organization	11.0	3	4	7	0.7684205887537459	0.7684205887537459	0.9808295319864887	123
CONTRAST_C:+logFC	24 hpf	pH 8.0	Intragenic	GO:0009617	response to bacterium	response to bacterium	response to bacterium	0.0	5	7	9	0.7982416594833381	0.7982416594833381	0.9978516657852988	124
CONTRAST_C:+logFC	24 hpf	pH 8.0	Intragenic	GO:0007399	nervous system development	nervous system development	nervous system development	112.0	10	14	10	0.8102705107626924	0.8102705107626924	0.9978516657852988	125
CONTRAST_C:+logFC	24 hpf	pH 8.0	Intragenic	GO:0008152	metabolic process	metabolic process	protein ubiquitination	82.0	32	43	17	0.8126927133672507	0.8126927133672507	0.9978516657852988	126
CONTRAST_C:+logFC	24 hpf	pH 8.0	Intragenic	GO:0007165	signal transduction	signal transduction	signal transduction	543.0	9	13	10	0.856313169617567	0.856313169617567	0.9978516657852988	127
CONTRAST_C:+logFC	24 hpf	pH 8.0	Intragenic	GO:0007005	mitochondrion organization	mitochondrion organization	microtubule cytoskeleton organization	38.0	2	3	3	0.8655913978494624	0.8655913978494624	0.9978516657852988	128
CONTRAST_C:+logFC	24 hpf	pH 8.0	Intragenic	GO:0032940	secretion by cell	secretion by cell	G1/S transition of mitotic cell cycle	0.0	2	3	5	0.8655913978494624	0.8655913978494624	0.9978516657852988	129
CONTRAST_C:+logFC	24 hpf	pH 8.0	Intragenic	GO:0043087	regulation of GTPase activity	regulation of GTPase activity	regulation of GTPase activity	19.0	2	3	4	0.8655913978494624	0.8655913978494624	0.9978516657852988	130
CONTRAST_C:+logFC	24 hpf	pH 8.0	Intragenic	GO:0000398	mRNA splicing, via spliceosome	mRNA splicing, via spliceosome	mRNA splicing, via spliceosome	122.0	2	3	5	0.8655913978494624	0.8655913978494624	0.9978516657852988	131
CONTRAST_C:+logFC	24 hpf	pH 8.0	Intragenic	GO:1901653	cellular response to peptide	cellular response to peptide	response to salt	0.0	2	3	6	0.8655913978494624	0.8655913978494624	0.9978516657852988	132
CONTRAST_C:+logFC	24 hpf	pH 8.0	Intragenic	GO:0015908	fatty acid transport	fatty acid transport	carbohydrate transport	5.0	2	3	3	0.8655913978494624	0.8655913978494624	0.9978516657852988	133
CONTRAST_C:+logFC	24 hpf	pH 8.0	Intragenic	GO:0030162	regulation of proteolysis	regulation of proteolysis	translation	8.0	2	3	7	0.8655913978494624	0.8655913978494624	0.9978516657852988	134
CONTRAST_C:+logFC	24 hpf	pH 8.0	Intragenic	GO:0055085	transmembrane transport	transmembrane transport	transmembrane transport	462.0	3	5	3	0.920654856337035	0.920654856337035	0.9978516657852988	135
CONTRAST_C:+logFC	24 hpf	pH 8.0	Intragenic	GO:0010629	negative regulation of gene expression	negative regulation of gene expression	negative regulation of gene expression	66.0	3	5	4	0.920654856337035	0.920654856337035	0.9978516657852988	136
CONTRAST_C:+logFC	24 hpf	pH 8.0	Intragenic	GO:0010468	regulation of gene expression	regulation of gene expression	regulation of gene expression	103.0	12	18	11	0.9299961818633634	0.9299961818633634	0.9978516657852988	137
CONTRAST_C:+logFC	24 hpf	pH 8.0	Intragenic	GO:0032374	regulation of cholesterol transport	regulation of cholesterol transport	carbohydrate transport	0.0	1	2	4	0.9479166666666666	0.9479166666666666	0.9978516657852988	138
CONTRAST_C:+logFC	24 hpf	pH 8.0	Intragenic	GO:0008015	blood circulation	blood circulation	sensory perception of sound	0.0	1	2	3	0.9479166666666666	0.9479166666666666	0.9978516657852988	139
CONTRAST_C:+logFC	24 hpf	pH 8.0	Intragenic	GO:2001238	positive regulation of extrinsic apoptotic signaling pathway	positive regulation of extrinsic apoptotic signaling pathway	positive regulation of apoptotic process	0.0	1	2	3	0.9479166666666666	0.9479166666666666	0.9978516657852988	140
CONTRAST_C:+logFC	24 hpf	pH 8.0	Intragenic	GO:0001510	RNA methylation	RNA methylation	protein ubiquitination	21.0	1	2	2	0.9479166666666666	0.9479166666666666	0.9978516657852988	141
CONTRAST_C:+logFC	24 hpf	pH 8.0	Intragenic	GO:0032259	methylation	methylation	protein ubiquitination	101.0	1	2	2	0.9479166666666666	0.9479166666666666	0.9978516657852988	142
CONTRAST_C:+logFC	24 hpf	pH 8.0	Intragenic	GO:0043252	sodium-independent organic anion transport	sodium-independent organic anion transport	transmembrane transport	6.0	1	2	1	0.9479166666666666	0.9479166666666666	0.9978516657852988	143
CONTRAST_C:+logFC	24 hpf	pH 8.0	Intragenic	GO:0032370	positive regulation of lipid transport	positive regulation of lipid transport	carbohydrate transport	0.0	1	2	4	0.9479166666666666	0.9479166666666666	0.9978516657852988	144
CONTRAST_C:+logFC	24 hpf	pH 8.0	Intragenic	GO:0010875	positive regulation of cholesterol efflux	positive regulation of cholesterol efflux	carbohydrate transport	0.0	1	2	4	0.9479166666666666	0.9479166666666666	0.9978516657852988	145
CONTRAST_C:+logFC	24 hpf	pH 8.0	Intragenic	GO:0032436	positive regulation of proteasomal ubiquitin-dependent protein catabolic process	positive regulation of proteasomal ubiquitin-dependent protein catabolic process	ubiquitin-dependent protein catabolic process	34.0	1	2	6	0.9479166666666666	0.9479166666666666	0.9978516657852988	146
CONTRAST_C:+logFC	24 hpf	pH 8.0	Intragenic	GO:0050729	positive regulation of inflammatory response	positive regulation of inflammatory response	signal transduction	0.0	1	2	1	0.9479166666666666	0.9479166666666666	0.9978516657852988	147
CONTRAST_C:+logFC	24 hpf	pH 8.0	Intragenic	GO:0032376	positive regulation of cholesterol transport	positive regulation of cholesterol transport	carbohydrate transport	0.0	1	2	4	0.9479166666666666	0.9479166666666666	0.9978516657852988	148
CONTRAST_C:+logFC	24 hpf	pH 8.0	Intragenic	GO:0045087	innate immune response	innate immune response	innate immune response	321.0	1	2	2	0.9479166666666666	0.9479166666666666	0.9978516657852988	149
CONTRAST_C:+logFC	24 hpf	pH 8.0	Intragenic	GO:0043066	negative regulation of apoptotic process	negative regulation of apoptotic process	negative regulation of apoptotic process	38.0	2	4	6	0.9627622069451789	0.9627622069451789	0.9978516657852988	150
CONTRAST_C:+logFC	24 hpf	pH 8.0	Intragenic	GO:0045893	positive regulation of DNA-templated transcription	positive regulation of DNA-templated transcription	regulation of transcription by RNA polymerase II	50.0	3	6	4	0.9765600958450227	0.9765600958450227	0.9978516657852988	151
CONTRAST_C:+logFC	24 hpf	pH 8.0	Intragenic	GO:0006357	regulation of transcription by RNA polymerase II	regulation of transcription by RNA polymerase II	regulation of transcription by RNA polymerase II	643.0	4	8	4	0.9860974688282366	0.9860974688282366	0.9978516657852988	152
CONTRAST_C:+logFC	24 hpf	pH 8.0	Intragenic	GO:0008285	negative regulation of cell population proliferation	negative regulation of cell population proliferation	cell projection organization	7.0	1	3	3	0.9890793010752689	0.9890793010752689	0.9978516657852988	153
CONTRAST_C:+logFC	24 hpf	pH 8.0	Intragenic	GO:0000209	protein polyubiquitination	protein polyubiquitination	protein ubiquitination	65.0	1	3	6	0.9890793010752689	0.9890793010752689	0.9978516657852988	154
CONTRAST_C:+logFC	24 hpf	pH 8.0	Intragenic	GO:0060548	negative regulation of cell death	negative regulation of cell death	negative regulation of apoptotic process	2.0	3	7	7	0.9939099977612946	0.9939099977612946	0.9978516657852988	155
CONTRAST_C:+logFC	24 hpf	pH 8.0	Intragenic	GO:0016567	protein ubiquitination	protein ubiquitination	protein ubiquitination	210.0	1	4	6	0.9978516657852988	0.9978516657852988	0.9978516657852988	156
CONTRAST_C:+logFC	24 hpf	pH 8.0	Intragenic	GO:0045944	positive regulation of transcription by RNA polymerase II	positive regulation of transcription by RNA polymerase II	positive regulation of transcription by RNA polymerase II	250.0	1	4	2	0.9978516657852988	0.9978516657852988	0.9978516657852988	157
CONTRAST_C:-logFC	110 hpf	pH 8.0	Intergenic	GO:0016567	protein ubiquitination	protein ubiquitination	protein ubiquitination	210.0	4	4	10	0.17616340560549973	0.17616340560549973	0.9554247339157194	1
CONTRAST_C:-logFC	110 hpf	pH 8.0	Intergenic	GO:0045944	positive regulation of transcription by RNA polymerase II	positive regulation of transcription by RNA polymerase II	positive regulation of transcription by RNA polymerase II	250.0	4	4	4	0.17616340560549973	0.17616340560549973	0.9554247339157194	2
CONTRAST_C:-logFC	110 hpf	pH 8.0	Intergenic	GO:0051276	chromosome organization	chromosome organization	microtubule cytoskeleton organization	11.0	4	4	6	0.17616340560549973	0.17616340560549973	0.9554247339157194	3
CONTRAST_C:-logFC	110 hpf	pH 8.0	Intergenic	GO:0001822	kidney development	kidney development	angiogenesis	0.0	3	3	5	0.2755376344086022	0.2755376344086022	0.9554247339157194	4
CONTRAST_C:-logFC	110 hpf	pH 8.0	Intergenic	GO:0000209	protein polyubiquitination	protein polyubiquitination	protein ubiquitination	65.0	3	3	10	0.2755376344086022	0.2755376344086022	0.9554247339157194	5
CONTRAST_C:-logFC	110 hpf	pH 8.0	Intergenic	GO:0045893	positive regulation of DNA-templated transcription	positive regulation of DNA-templated transcription	regulation of transcription by RNA polymerase II	50.0	5	6	5	0.3195823137848924	0.3195823137848924	0.9554247339157194	6
CONTRAST_C:-logFC	110 hpf	pH 8.0	Intergenic	GO:0032374	regulation of cholesterol transport	regulation of cholesterol transport	carbohydrate transport	0.0	2	2	2	0.42708333333333337	0.42708333333333337	0.9554247339157194	7
CONTRAST_C:-logFC	110 hpf	pH 8.0	Intergenic	GO:2001238	positive regulation of extrinsic apoptotic signaling pathway	positive regulation of extrinsic apoptotic signaling pathway	positive regulation of apoptotic process	0.0	2	2	2	0.42708333333333337	0.42708333333333337	0.9554247339157194	8
CONTRAST_C:-logFC	110 hpf	pH 8.0	Intergenic	GO:0001510	RNA methylation	RNA methylation	protein ubiquitination	21.0	2	2	4	0.42708333333333337	0.42708333333333337	0.9554247339157194	9
CONTRAST_C:-logFC	110 hpf	pH 8.0	Intergenic	GO:0032259	methylation	methylation	protein ubiquitination	101.0	2	2	4	0.42708333333333337	0.42708333333333337	0.9554247339157194	10
CONTRAST_C:-logFC	110 hpf	pH 8.0	Intergenic	GO:0010001	glial cell differentiation	glial cell differentiation	cell differentiation	0.0	2	2	2	0.42708333333333337	0.42708333333333337	0.9554247339157194	11
CONTRAST_C:-logFC	110 hpf	pH 8.0	Intergenic	GO:0032370	positive regulation of lipid transport	positive regulation of lipid transport	carbohydrate transport	0.0	2	2	2	0.42708333333333337	0.42708333333333337	0.9554247339157194	12
CONTRAST_C:-logFC	110 hpf	pH 8.0	Intergenic	GO:0010875	positive regulation of cholesterol efflux	positive regulation of cholesterol efflux	carbohydrate transport	0.0	2	2	2	0.42708333333333337	0.42708333333333337	0.9554247339157194	13
CONTRAST_C:-logFC	110 hpf	pH 8.0	Intergenic	GO:0006909	phagocytosis	phagocytosis	vesicle-mediated transport	10.0	2	2	2	0.42708333333333337	0.42708333333333337	0.9554247339157194	14
CONTRAST_C:-logFC	110 hpf	pH 8.0	Intergenic	GO:0019882	antigen processing and presentation	antigen processing and presentation	chemical synaptic transmission	0.0	2	2	4	0.42708333333333337	0.42708333333333337	0.9554247339157194	15
CONTRAST_C:-logFC	110 hpf	pH 8.0	Intergenic	GO:0032436	positive regulation of proteasomal ubiquitin-dependent protein catabolic process	positive regulation of proteasomal ubiquitin-dependent protein catabolic process	ubiquitin-dependent protein catabolic process	34.0	2	2	9	0.42708333333333337	0.42708333333333337	0.9554247339157194	16
CONTRAST_C:-logFC	110 hpf	pH 8.0	Intergenic	GO:0006099	tricarboxylic acid cycle	tricarboxylic acid cycle	tricarboxylic acid cycle	43.0	2	2	4	0.42708333333333337	0.42708333333333337	0.9554247339157194	17
CONTRAST_C:-logFC	110 hpf	pH 8.0	Intergenic	GO:0006898	receptor-mediated endocytosis	receptor-mediated endocytosis	vesicle-mediated transport	22.0	2	2	2	0.42708333333333337	0.42708333333333337	0.9554247339157194	18
CONTRAST_C:-logFC	110 hpf	pH 8.0	Intergenic	GO:0009060	aerobic respiration	aerobic respiration	tricarboxylic acid cycle	4.0	2	2	4	0.42708333333333337	0.42708333333333337	0.9554247339157194	19
CONTRAST_C:-logFC	110 hpf	pH 8.0	Intergenic	GO:0032376	positive regulation of cholesterol transport	positive regulation of cholesterol transport	carbohydrate transport	0.0	2	2	2	0.42708333333333337	0.42708333333333337	0.9554247339157194	20
CONTRAST_C:-logFC	110 hpf	pH 8.0	Intergenic	GO:0032088	negative regulation of NF-kappaB transcription factor activity	negative regulation of NF-kappaB transcription factor activity	positive regulation of transcription by RNA polymerase II	1.0	2	2	2	0.42708333333333337	0.42708333333333337	0.9554247339157194	21
CONTRAST_C:-logFC	110 hpf	pH 8.0	Intergenic	GO:0016192	vesicle-mediated transport	vesicle-mediated transport	vesicle-mediated transport	139.0	6	8	10	0.434536400493566	0.434536400493566	0.9554247339157194	22
CONTRAST_C:-logFC	110 hpf	pH 8.0	Intergenic	GO:0006468	protein phosphorylation	protein phosphorylation	regulation of transcription by RNA polymerase II	541.0	3	4	4	0.5736603208179094	0.5736603208179094	0.9554247339157194	23
CONTRAST_C:-logFC	110 hpf	pH 8.0	Intergenic	GO:0032956	regulation of actin cytoskeleton organization	regulation of actin cytoskeleton organization	cell projection organization	18.0	3	4	5	0.5736603208179094	0.5736603208179094	0.9554247339157194	24
CONTRAST_C:-logFC	110 hpf	pH 8.0	Intergenic	GO:0007155	cell adhesion	cell adhesion	chemical synaptic transmission	59.0	3	4	5	0.5736603208179094	0.5736603208179094	0.9554247339157194	25
CONTRAST_C:-logFC	110 hpf	pH 8.0	Intergenic	GO:0030030	cell projection organization	cell projection organization	cell projection organization	31.0	3	4	5	0.5736603208179094	0.5736603208179094	0.9554247339157194	26
CONTRAST_C:-logFC	110 hpf	pH 8.0	Intergenic	GO:0006364	rRNA processing	rRNA processing	rRNA processing	90.0	3	4	5	0.5736603208179094	0.5736603208179094	0.9554247339157194	27
CONTRAST_C:-logFC	110 hpf	pH 8.0	Intergenic	GO:0008152	metabolic process	metabolic process	protein ubiquitination	82.0	28	43	17	0.652872767643066	0.652872767643066	0.9554247339157194	28
CONTRAST_C:-logFC	110 hpf	pH 8.0	Intergenic	GO:0051220	cytoplasmic sequestering of protein	cytoplasmic sequestering of protein	cytoplasmic sequestering of protein	3.0	1	1	1	0.65625	0.65625	0.9554247339157194	29
CONTRAST_C:-logFC	110 hpf	pH 8.0	Intergenic	GO:0007283	spermatogenesis	spermatogenesis	spermatogenesis	71.0	1	1	3	0.65625	0.65625	0.9554247339157194	30
CONTRAST_C:-logFC	110 hpf	pH 8.0	Intergenic	GO:0031623	receptor internalization	receptor internalization	vesicle-mediated transport	1.0	1	1	1	0.65625	0.65625	0.9554247339157194	31
CONTRAST_C:-logFC	110 hpf	pH 8.0	Intergenic	GO:0014912	negative regulation of smooth muscle cell migration	negative regulation of smooth muscle cell migration	negative regulation of smooth muscle cell migration	0.0	1	1	1	0.65625	0.65625	0.9554247339157194	32
CONTRAST_C:-logFC	110 hpf	pH 8.0	Intergenic	GO:0016267	O-glycan processing, core 1	O-glycan processing, core 1	O-glycan processing, core 1	10.0	1	1	1	0.65625	0.65625	0.9554247339157194	33
CONTRAST_C:-logFC	110 hpf	pH 8.0	Intergenic	GO:0106077	histone succinylation	histone succinylation	cell differentiation	0.0	1	1	3	0.65625	0.65625	0.9554247339157194	34
CONTRAST_C:-logFC	110 hpf	pH 8.0	Intergenic	GO:0002265	astrocyte activation involved in immune response	astrocyte activation involved in immune response	cell differentiation	0.0	1	1	1	0.65625	0.65625	0.9554247339157194	35
CONTRAST_C:-logFC	110 hpf	pH 8.0	Intergenic	GO:0045332	phospholipid translocation	phospholipid translocation	transmembrane transport	8.0	1	1	2	0.65625	0.65625	0.9554247339157194	36
CONTRAST_C:-logFC	110 hpf	pH 8.0	Intergenic	GO:0046326	positive regulation of glucose import	positive regulation of glucose import	carbohydrate transport	0.0	1	1	1	0.65625	0.65625	0.9554247339157194	37
CONTRAST_C:-logFC	110 hpf	pH 8.0	Intergenic	GO:1903078	positive regulation of protein localization to plasma membrane	positive regulation of protein localization to plasma membrane	positive regulation of protein localization to plasma membrane	4.0	1	1	1	0.65625	0.65625	0.9554247339157194	38
CONTRAST_C:-logFC	110 hpf	pH 8.0	Intergenic	GO:0043123	positive regulation of I-kappaB kinase/NF-kappaB signaling	positive regulation of I-kappaB kinase/NF-kappaB signaling	fibroblast growth factor receptor signaling pathway	0.0	1	1	1	0.65625	0.65625	0.9554247339157194	39
CONTRAST_C:-logFC	110 hpf	pH 8.0	Intergenic	GO:1902018	negative regulation of cilium assembly	negative regulation of cilium assembly	cell projection organization	0.0	1	1	1	0.65625	0.65625	0.9554247339157194	40
CONTRAST_C:-logFC	110 hpf	pH 8.0	Intergenic	GO:0060546	negative regulation of necroptotic process	negative regulation of necroptotic process	positive regulation of apoptotic process	0.0	1	1	1	0.65625	0.65625	0.9554247339157194	41
CONTRAST_C:-logFC	110 hpf	pH 8.0	Intergenic	GO:0003279	cardiac septum development	cardiac septum development	nervous system development	0.0	1	1	1	0.65625	0.65625	0.9554247339157194	42
CONTRAST_C:-logFC	110 hpf	pH 8.0	Intergenic	GO:0001525	angiogenesis	angiogenesis	nervous system development	0.0	1	1	1	0.65625	0.65625	0.9554247339157194	43
CONTRAST_C:-logFC	110 hpf	pH 8.0	Intergenic	GO:1901224	positive regulation of NIK/NF-kappaB signaling	positive regulation of NIK/NF-kappaB signaling	fibroblast growth factor receptor signaling pathway	0.0	1	1	1	0.65625	0.65625	0.9554247339157194	44
CONTRAST_C:-logFC	110 hpf	pH 8.0	Intergenic	GO:0014898	cardiac muscle hypertrophy in response to stress	cardiac muscle hypertrophy in response to stress	sensory perception of sound	0.0	1	1	1	0.65625	0.65625	0.9554247339157194	45
CONTRAST_C:-logFC	110 hpf	pH 8.0	Intergenic	GO:0050852	T cell receptor signaling pathway	T cell receptor signaling pathway	fibroblast growth factor receptor signaling pathway	0.0	1	1	1	0.65625	0.65625	0.9554247339157194	46
CONTRAST_C:-logFC	110 hpf	pH 8.0	Intergenic	GO:0042908	xenobiotic transport	xenobiotic transport	transmembrane transport	8.0	1	1	2	0.65625	0.65625	0.9554247339157194	47
CONTRAST_C:-logFC	110 hpf	pH 8.0	Intergenic	GO:0051092	positive regulation of NF-kappaB transcription factor activity	positive regulation of NF-kappaB transcription factor activity	negative regulation of gene expression	1.0	1	1	1	0.65625	0.65625	0.9554247339157194	48
CONTRAST_C:-logFC	110 hpf	pH 8.0	Intergenic	GO:0060576	intestinal epithelial cell development	intestinal epithelial cell development	angiogenesis	0.0	1	1	1	0.65625	0.65625	0.9554247339157194	49
CONTRAST_C:-logFC	110 hpf	pH 8.0	Intergenic	GO:0034775	glutathione transmembrane transport	glutathione transmembrane transport	transmembrane transport	0.0	1	1	2	0.65625	0.65625	0.9554247339157194	50
CONTRAST_C:-logFC	110 hpf	pH 8.0	Intergenic	GO:0007033	vacuole organization	vacuole organization	microtubule cytoskeleton organization	4.0	1	1	2	0.65625	0.65625	0.9554247339157194	51
CONTRAST_C:-logFC	110 hpf	pH 8.0	Intergenic	GO:0045807	positive regulation of endocytosis	positive regulation of endocytosis	vesicle-mediated transport	6.0	1	1	1	0.65625	0.65625	0.9554247339157194	52
CONTRAST_C:-logFC	110 hpf	pH 8.0	Intergenic	GO:0097039	protein linear polyubiquitination	protein linear polyubiquitination	proteasome-mediated ubiquitin-dependent protein catabolic process	1.0	1	1	1	0.65625	0.65625	0.9554247339157194	53
CONTRAST_C:-logFC	110 hpf	pH 8.0	Intergenic	GO:1905167	positive regulation of lysosomal protein catabolic process	positive regulation of lysosomal protein catabolic process	protein phosphorylation	0.0	1	1	1	0.65625	0.65625	0.9554247339157194	54
CONTRAST_C:-logFC	110 hpf	pH 8.0	Intergenic	GO:0060976	coronary vasculature development	coronary vasculature development	nervous system development	0.0	1	1	1	0.65625	0.65625	0.9554247339157194	55
CONTRAST_C:-logFC	110 hpf	pH 8.0	Intergenic	GO:0090382	phagosome maturation	phagosome maturation	microtubule cytoskeleton organization	0.0	1	1	2	0.65625	0.65625	0.9554247339157194	56
CONTRAST_C:-logFC	110 hpf	pH 8.0	Intergenic	GO:0015721	bile acid and bile salt transport	bile acid and bile salt transport	sodium ion transport	0.0	1	1	2	0.65625	0.65625	0.9554247339157194	57
CONTRAST_C:-logFC	110 hpf	pH 8.0	Intergenic	GO:0048668	collateral sprouting	collateral sprouting	positive regulation of axon extension involved in regeneration	4.0	1	1	3	0.65625	0.65625	0.9554247339157194	58
CONTRAST_C:-logFC	110 hpf	pH 8.0	Intergenic	GO:1904211	membrane protein proteolysis involved in retrograde protein transport, ER to cytosol	membrane protein proteolysis involved in retrograde protein transport, ER to cytosol	intracellular protein transport	0.0	1	1	3	0.65625	0.65625	0.9554247339157194	59
CONTRAST_C:-logFC	110 hpf	pH 8.0	Intergenic	GO:0009101	glycoprotein biosynthetic process	glycoprotein biosynthetic process	proteasome-mediated ubiquitin-dependent protein catabolic process	0.0	1	1	1	0.65625	0.65625	0.9554247339157194	60
CONTRAST_C:-logFC	110 hpf	pH 8.0	Intergenic	GO:0032868	response to insulin	response to insulin	response to insulin	0.0	1	1	2	0.65625	0.65625	0.9554247339157194	61
CONTRAST_C:-logFC	110 hpf	pH 8.0	Intergenic	GO:0009303	rRNA transcription	rRNA transcription	regulation of transcription by RNA polymerase II	1.0	1	1	2	0.65625	0.65625	0.9554247339157194	62
CONTRAST_C:-logFC	110 hpf	pH 8.0	Intergenic	GO:0007089	traversing start control point of mitotic cell cycle	traversing start control point of mitotic cell cycle	positive regulation of MAPK cascade	0.0	1	1	1	0.65625	0.65625	0.9554247339157194	63
CONTRAST_C:-logFC	110 hpf	pH 8.0	Intergenic	GO:0016485	protein processing	protein processing	proteasome-mediated ubiquitin-dependent protein catabolic process	45.0	1	1	3	0.65625	0.65625	0.9554247339157194	64
CONTRAST_C:-logFC	110 hpf	pH 8.0	Intergenic	GO:1900223	positive regulation of amyloid-beta clearance	positive regulation of amyloid-beta clearance	sensory perception of sound	0.0	1	1	1	0.65625	0.65625	0.9554247339157194	65
CONTRAST_C:-logFC	110 hpf	pH 8.0	Intergenic	GO:0010977	negative regulation of neuron projection development	negative regulation of neuron projection development	positive regulation of axon extension involved in regeneration	1.0	1	1	1	0.65625	0.65625	0.9554247339157194	66
CONTRAST_C:-logFC	110 hpf	pH 8.0	Intergenic	GO:0044242	cellular lipid catabolic process	cellular lipid catabolic process	protein phosphorylation	0.0	1	1	1	0.65625	0.65625	0.9554247339157194	67
CONTRAST_C:-logFC	110 hpf	pH 8.0	Intergenic	GO:0043410	positive regulation of MAPK cascade	positive regulation of MAPK cascade	positive regulation of MAPK cascade	12.0	1	1	1	0.65625	0.65625	0.9554247339157194	68
CONTRAST_C:-logFC	110 hpf	pH 8.0	Intergenic	GO:0018095	protein polyglutamylation	protein polyglutamylation	cell differentiation	9.0	1	1	3	0.65625	0.65625	0.9554247339157194	69
CONTRAST_C:-logFC	110 hpf	pH 8.0	Intergenic	GO:0043277	apoptotic cell clearance	apoptotic cell clearance	vesicle-mediated transport	9.0	1	1	1	0.65625	0.65625	0.9554247339157194	70
CONTRAST_C:-logFC	110 hpf	pH 8.0	Intergenic	GO:0033619	membrane protein proteolysis	membrane protein proteolysis	protein phosphorylation	4.0	1	1	3	0.65625	0.65625	0.9554247339157194	71
CONTRAST_C:-logFC	110 hpf	pH 8.0	Intergenic	GO:0072112	podocyte differentiation	podocyte differentiation	cell differentiation	0.0	1	1	1	0.65625	0.65625	0.9554247339157194	72
CONTRAST_C:-logFC	110 hpf	pH 8.0	Intergenic	GO:0032429	regulation of phospholipase A2 activity	regulation of phospholipase A2 activity	regulation of GTPase activity	0.0	1	1	1	0.65625	0.65625	0.9554247339157194	73
CONTRAST_C:-logFC	110 hpf	pH 8.0	Intergenic	GO:0018107	peptidyl-threonine phosphorylation	peptidyl-threonine phosphorylation	regulation of transcription by RNA polymerase II	30.0	1	1	1	0.65625	0.65625	0.9554247339157194	74
CONTRAST_C:-logFC	110 hpf	pH 8.0	Intergenic	GO:2000587	negative regulation of platelet-derived growth factor receptor-beta signaling pathway	negative regulation of platelet-derived growth factor receptor-beta signaling pathway	signal transduction	0.0	1	1	1	0.65625	0.65625	0.9554247339157194	75
CONTRAST_C:-logFC	110 hpf	pH 8.0	Intergenic	GO:1904646	cellular response to amyloid-beta	cellular response to amyloid-beta	response to salt	0.0	1	1	1	0.65625	0.65625	0.9554247339157194	76
CONTRAST_C:-logFC	110 hpf	pH 8.0	Intergenic	GO:0007205	protein kinase C-activating G protein-coupled receptor signaling pathway	protein kinase C-activating G protein-coupled receptor signaling pathway	signal transduction	5.0	1	1	1	0.65625	0.65625	0.9554247339157194	77
CONTRAST_C:-logFC	110 hpf	pH 8.0	Intergenic	GO:0008203	cholesterol metabolic process	cholesterol metabolic process	mRNA splicing, via spliceosome	10.0	1	1	1	0.65625	0.65625	0.9554247339157194	78
CONTRAST_C:-logFC	110 hpf	pH 8.0	Intergenic	GO:1903232	melanosome assembly	melanosome assembly	microtubule cytoskeleton organization	0.0	1	1	2	0.65625	0.65625	0.9554247339157194	79
CONTRAST_C:-logFC	110 hpf	pH 8.0	Intergenic	GO:2000177	regulation of neural precursor cell proliferation	regulation of neural precursor cell proliferation	G1/S transition of mitotic cell cycle	0.0	1	1	3	0.65625	0.65625	0.9554247339157194	80
CONTRAST_C:-logFC	110 hpf	pH 8.0	Intergenic	GO:0035646	endosome to melanosome transport	endosome to melanosome transport	intracellular protein transport	0.0	1	1	2	0.65625	0.65625	0.9554247339157194	81
CONTRAST_C:-logFC	110 hpf	pH 8.0	Intergenic	GO:1902749	regulation of cell cycle G2/M phase transition	regulation of cell cycle G2/M phase transition	positive regulation of MAPK cascade	1.0	1	1	2	0.65625	0.65625	0.9554247339157194	82
CONTRAST_C:-logFC	110 hpf	pH 8.0	Intergenic	GO:0007306	eggshell chorion assembly	eggshell chorion assembly	mitotic spindle organization	0.0	1	1	1	0.65625	0.65625	0.9554247339157194	83
CONTRAST_C:-logFC	110 hpf	pH 8.0	Intergenic	GO:0006121	mitochondrial electron transport, succinate to ubiquinone	mitochondrial electron transport, succinate to ubiquinone	tricarboxylic acid cycle	7.0	1	1	1	0.65625	0.65625	0.9554247339157194	84
CONTRAST_C:-logFC	110 hpf	pH 8.0	Intergenic	GO:0032438	melanosome organization	melanosome organization	microtubule cytoskeleton organization	1.0	1	1	2	0.65625	0.65625	0.9554247339157194	85
CONTRAST_C:-logFC	110 hpf	pH 8.0	Intergenic	GO:0099039	sphingolipid translocation	sphingolipid translocation	transmembrane transport	0.0	1	1	2	0.65625	0.65625	0.9554247339157194	86
CONTRAST_C:-logFC	110 hpf	pH 8.0	Intergenic	GO:1904750	negative regulation of protein localization to nucleolus	negative regulation of protein localization to nucleolus	positive regulation of protein localization to plasma membrane	0.0	1	1	2	0.65625	0.65625	0.9554247339157194	87
CONTRAST_C:-logFC	110 hpf	pH 8.0	Intergenic	GO:2000757	negative regulation of peptidyl-lysine acetylation	negative regulation of peptidyl-lysine acetylation	protein phosphorylation	0.0	1	1	1	0.65625	0.65625	0.9554247339157194	88
CONTRAST_C:-logFC	110 hpf	pH 8.0	Intergenic	GO:0002218	activation of innate immune response	activation of innate immune response	innate immune response	1.0	1	1	1	0.65625	0.65625	0.9554247339157194	89
CONTRAST_C:-logFC	110 hpf	pH 8.0	Intergenic	GO:0032092	positive regulation of protein binding	positive regulation of protein binding	regulation of GTPase activity	0.0	1	1	1	0.65625	0.65625	0.9554247339157194	90
CONTRAST_C:-logFC	110 hpf	pH 8.0	Intergenic	GO:0043524	negative regulation of neuron apoptotic process	negative regulation of neuron apoptotic process	negative regulation of apoptotic process	0.0	1	1	1	0.65625	0.65625	0.9554247339157194	91
CONTRAST_C:-logFC	110 hpf	pH 8.0	Intergenic	GO:0097242	amyloid-beta clearance	amyloid-beta clearance	sensory perception of sound	0.0	1	1	1	0.65625	0.65625	0.9554247339157194	92
CONTRAST_C:-logFC	110 hpf	pH 8.0	Intergenic	GO:0006465	signal peptide processing	signal peptide processing	protein phosphorylation	13.0	1	1	3	0.65625	0.65625	0.9554247339157194	93
CONTRAST_C:-logFC	110 hpf	pH 8.0	Intergenic	GO:0006886	intracellular protein transport	intracellular protein transport	intracellular protein transport	121.0	4	6	7	0.6644445739109132	0.6644445739109132	0.9554247339157194	94
CONTRAST_C:-logFC	110 hpf	pH 8.0	Intergenic	GO:0007399	nervous system development	nervous system development	nervous system development	112.0	9	14	10	0.6742453278754907	0.6742453278754907	0.9554247339157194	95
CONTRAST_C:-logFC	110 hpf	pH 8.0	Intergenic	GO:0007005	mitochondrion organization	mitochondrion organization	microtubule cytoskeleton organization	38.0	2	3	5	0.7301747311827957	0.7301747311827957	0.9554247339157194	96
CONTRAST_C:-logFC	110 hpf	pH 8.0	Intergenic	GO:0032940	secretion by cell	secretion by cell	G1/S transition of mitotic cell cycle	0.0	2	3	3	0.7301747311827957	0.7301747311827957	0.9554247339157194	97
CONTRAST_C:-logFC	110 hpf	pH 8.0	Intergenic	GO:0043087	regulation of GTPase activity	regulation of GTPase activity	regulation of GTPase activity	19.0	2	3	2	0.7301747311827957	0.7301747311827957	0.9554247339157194	98
CONTRAST_C:-logFC	110 hpf	pH 8.0	Intergenic	GO:0008285	negative regulation of cell population proliferation	negative regulation of cell population proliferation	cell projection organization	7.0	2	3	3	0.7301747311827957	0.7301747311827957	0.9554247339157194	99
CONTRAST_C:-logFC	110 hpf	pH 8.0	Intergenic	GO:1901653	cellular response to peptide	cellular response to peptide	response to salt	0.0	2	3	3	0.7301747311827957	0.7301747311827957	0.9554247339157194	100
CONTRAST_C:-logFC	110 hpf	pH 8.0	Intergenic	GO:0001701	in utero embryonic development	in utero embryonic development	nervous system development	0.0	2	3	3	0.7301747311827957	0.7301747311827957	0.9554247339157194	101
CONTRAST_C:-logFC	110 hpf	pH 8.0	Intergenic	GO:0030162	regulation of proteolysis	regulation of proteolysis	translation	8.0	2	3	9	0.7301747311827957	0.7301747311827957	0.9554247339157194	102
CONTRAST_C:-logFC	110 hpf	pH 8.0	Intergenic	GO:0006357	regulation of transcription by RNA polymerase II	regulation of transcription by RNA polymerase II	regulation of transcription by RNA polymerase II	643.0	5	8	6	0.7305101409848636	0.7305101409848636	0.9554247339157194	103
CONTRAST_C:-logFC	110 hpf	pH 8.0	Intergenic	GO:0071702	organic substance transport	organic substance transport	carbohydrate transport	6.0	8	13	9	0.7531126567201858	0.7531126567201858	0.9554247339157194	104
CONTRAST_C:-logFC	110 hpf	pH 8.0	Intergenic	GO:0048729	tissue morphogenesis	tissue morphogenesis	tissue morphogenesis	2.0	3	5	4	0.7823462013044244	0.7823462013044244	0.9554247339157194	105
CONTRAST_C:-logFC	110 hpf	pH 8.0	Intergenic	GO:0010942	positive regulation of cell death	positive regulation of cell death	negative regulation of apoptotic process	0.0	3	5	3	0.7823462013044244	0.7823462013044244	0.9554247339157194	106
CONTRAST_C:-logFC	110 hpf	pH 8.0	Intergenic	GO:0055085	transmembrane transport	transmembrane transport	transmembrane transport	462.0	3	5	4	0.7823462013044244	0.7823462013044244	0.9554247339157194	107
CONTRAST_C:-logFC	110 hpf	pH 8.0	Intergenic	GO:0060548	negative regulation of cell death	negative regulation of cell death	negative regulation of apoptotic process	2.0	4	7	5	0.8230019348883939	0.8230019348883939	0.9554247339157194	108
CONTRAST_C:-logFC	110 hpf	pH 8.0	Intergenic	GO:0009617	response to bacterium	response to bacterium	response to bacterium	0.0	4	7	6	0.8230019348883939	0.8230019348883939	0.9554247339157194	109
CONTRAST_C:-logFC	110 hpf	pH 8.0	Intergenic	GO:0030154	cell differentiation	cell differentiation	cell differentiation	305.0	10	17	11	0.8382965253716713	0.8382965253716713	0.9554247339157194	110
CONTRAST_C:-logFC	110 hpf	pH 8.0	Intergenic	GO:0030178	negative regulation of Wnt signaling pathway	negative regulation of Wnt signaling pathway	signal transduction	8.0	1	2	1	0.8854166666666666	0.8854166666666666	0.9554247339157194	111
CONTRAST_C:-logFC	110 hpf	pH 8.0	Intergenic	GO:0045056	transcytosis	transcytosis	vesicle-mediated transport	1.0	1	2	1	0.8854166666666666	0.8854166666666666	0.9554247339157194	112
CONTRAST_C:-logFC	110 hpf	pH 8.0	Intergenic	GO:0008015	blood circulation	blood circulation	sensory perception of sound	0.0	1	2	2	0.8854166666666666	0.8854166666666666	0.9554247339157194	113
CONTRAST_C:-logFC	110 hpf	pH 8.0	Intergenic	GO:0043252	sodium-independent organic anion transport	sodium-independent organic anion transport	transmembrane transport	6.0	1	2	1	0.8854166666666666	0.8854166666666666	0.9554247339157194	114
CONTRAST_C:-logFC	110 hpf	pH 8.0	Intergenic	GO:0006511	ubiquitin-dependent protein catabolic process	ubiquitin-dependent protein catabolic process	protein ubiquitination	118.0	1	2	1	0.8854166666666666	0.8854166666666666	0.9554247339157194	115
CONTRAST_C:-logFC	110 hpf	pH 8.0	Intergenic	GO:0009100	glycoprotein metabolic process	glycoprotein metabolic process	proteasome-mediated ubiquitin-dependent protein catabolic process	4.0	1	2	1	0.8854166666666666	0.8854166666666666	0.9554247339157194	116
CONTRAST_C:-logFC	110 hpf	pH 8.0	Intergenic	GO:0043161	proteasome-mediated ubiquitin-dependent protein catabolic process	proteasome-mediated ubiquitin-dependent protein catabolic process	proteasome-mediated ubiquitin-dependent protein catabolic process	75.0	1	2	1	0.8854166666666666	0.8854166666666666	0.9554247339157194	117
CONTRAST_C:-logFC	110 hpf	pH 8.0	Intergenic	GO:0008283	cell population proliferation	cell population proliferation	chemical synaptic transmission	1.0	1	2	1	0.8854166666666666	0.8854166666666666	0.9554247339157194	118
CONTRAST_C:-logFC	110 hpf	pH 8.0	Intergenic	GO:0001505	regulation of neurotransmitter levels	regulation of neurotransmitter levels	regulation of cell shape	2.0	1	2	3	0.8854166666666666	0.8854166666666666	0.9554247339157194	119
CONTRAST_C:-logFC	110 hpf	pH 8.0	Intergenic	GO:0050729	positive regulation of inflammatory response	positive regulation of inflammatory response	signal transduction	0.0	1	2	1	0.8854166666666666	0.8854166666666666	0.9554247339157194	120
CONTRAST_C:-logFC	110 hpf	pH 8.0	Intergenic	GO:0035909	aorta morphogenesis	aorta morphogenesis	nervous system development	0.0	1	2	1	0.8854166666666666	0.8854166666666666	0.9554247339157194	121
CONTRAST_C:-logFC	110 hpf	pH 8.0	Intergenic	GO:0008360	regulation of cell shape	regulation of cell shape	regulation of cell shape	14.0	1	2	1	0.8854166666666666	0.8854166666666666	0.9554247339157194	122
CONTRAST_C:-logFC	110 hpf	pH 8.0	Intergenic	GO:0045087	innate immune response	innate immune response	innate immune response	321.0	1	2	1	0.8854166666666666	0.8854166666666666	0.9554247339157194	123
CONTRAST_C:-logFC	110 hpf	pH 8.0	Intergenic	GO:0043065	positive regulation of apoptotic process	positive regulation of apoptotic process	positive regulation of apoptotic process	23.0	2	4	2	0.886689141547682	0.886689141547682	0.9554247339157194	124
CONTRAST_C:-logFC	110 hpf	pH 8.0	Intergenic	GO:0042742	defense response to bacterium	defense response to bacterium	defense response to bacterium	15.0	2	4	3	0.886689141547682	0.886689141547682	0.9554247339157194	125
CONTRAST_C:-logFC	110 hpf	pH 8.0	Intergenic	GO:0051222	positive regulation of protein transport	positive regulation of protein transport	carbohydrate transport	1.0	2	4	3	0.886689141547682	0.886689141547682	0.9554247339157194	126
CONTRAST_C:-logFC	110 hpf	pH 8.0	Intergenic	GO:0006979	response to oxidative stress	response to oxidative stress	response to oxidative stress	75.0	2	4	3	0.886689141547682	0.886689141547682	0.9554247339157194	127
CONTRAST_C:-logFC	110 hpf	pH 8.0	Intergenic	GO:0043066	negative regulation of apoptotic process	negative regulation of apoptotic process	negative regulation of apoptotic process	38.0	2	4	2	0.886689141547682	0.886689141547682	0.9554247339157194	128
CONTRAST_C:-logFC	110 hpf	pH 8.0	Intergenic	GO:0007346	regulation of mitotic cell cycle	regulation of mitotic cell cycle	positive regulation of MAPK cascade	8.0	2	4	3	0.886689141547682	0.886689141547682	0.9554247339157194	129
CONTRAST_C:-logFC	110 hpf	pH 8.0	Intergenic	GO:0010468	regulation of gene expression	regulation of gene expression	regulation of gene expression	103.0	10	18	11	0.9108741019811041	0.9108741019811041	0.973934616733642	130
CONTRAST_C:-logFC	110 hpf	pH 8.0	Intergenic	GO:0010629	negative regulation of gene expression	negative regulation of gene expression	negative regulation of gene expression	66.0	2	5	4	0.9562511017098537	0.9562511017098537	0.9770965779766109	131
CONTRAST_C:-logFC	110 hpf	pH 8.0	Intergenic	GO:0000226	microtubule cytoskeleton organization	microtubule cytoskeleton organization	cell differentiation	48.0	1	3	2	0.9630376344086021	0.9630376344086021	0.9770965779766109	132
CONTRAST_C:-logFC	110 hpf	pH 8.0	Intergenic	GO:0001934	positive regulation of protein phosphorylation	positive regulation of protein phosphorylation	negative regulation of gene expression	20.0	1	3	1	0.9630376344086021	0.9630376344086021	0.9770965779766109	133
CONTRAST_C:-logFC	110 hpf	pH 8.0	Intergenic	GO:0072657	protein localization to membrane	protein localization to membrane	positive regulation of protein localization to plasma membrane	3.0	1	3	2	0.9630376344086021	0.9630376344086021	0.9770965779766109	134
CONTRAST_C:-logFC	110 hpf	pH 8.0	Intergenic	GO:0000398	mRNA splicing, via spliceosome	mRNA splicing, via spliceosome	mRNA splicing, via spliceosome	122.0	1	3	1	0.9630376344086021	0.9630376344086021	0.9770965779766109	135
CONTRAST_C:-logFC	110 hpf	pH 8.0	Intergenic	GO:0030111	regulation of Wnt signaling pathway	regulation of Wnt signaling pathway	signal transduction	2.0	1	3	1	0.9630376344086021	0.9630376344086021	0.9770965779766109	136
CONTRAST_C:-logFC	110 hpf	pH 8.0	Intergenic	GO:0015908	fatty acid transport	fatty acid transport	carbohydrate transport	5.0	1	3	2	0.9630376344086021	0.9630376344086021	0.9770965779766109	137
CONTRAST_C:-logFC	110 hpf	pH 8.0	Intergenic	GO:0007165	signal transduction	signal transduction	signal transduction	543.0	6	13	9	0.9744419224303775	0.9744419224303775	0.9815030957813223	138
CONTRAST_C:-logFC	110 hpf	pH 8.0	Intergenic	GO:0001501	skeletal system development	skeletal system development	nervous system development	0.0	1	4	1	0.9884871320289089	0.9884871320289089	0.9884871320289088	139
CONTRAST_C:-logFC	110 hpf	pH 8.0	Intragenic	GO:0042742	defense response to bacterium	defense response to bacterium	defense response to bacterium	15.0	4	4	4	0.19423144720606378	0.19423144720606378	0.9906277542746342	1
CONTRAST_C:-logFC	110 hpf	pH 8.0	Intragenic	GO:0030030	cell projection organization	cell projection organization	cell projection organization	31.0	4	4	4	0.19423144720606378	0.19423144720606378	0.9906277542746342	2
CONTRAST_C:-logFC	110 hpf	pH 8.0	Intragenic	GO:0007346	regulation of mitotic cell cycle	regulation of mitotic cell cycle	positive regulation of MAPK cascade	8.0	4	4	4	0.19423144720606378	0.19423144720606378	0.9906277542746342	3
CONTRAST_C:-logFC	110 hpf	pH 8.0	Intragenic	GO:0043087	regulation of GTPase activity	regulation of GTPase activity	regulation of GTPase activity	19.0	3	3	4	0.2962029569892473	0.2962029569892473	0.9906277542746342	4
CONTRAST_C:-logFC	110 hpf	pH 8.0	Intragenic	GO:0000226	microtubule cytoskeleton organization	microtubule cytoskeleton organization	cell differentiation	48.0	3	3	3	0.2962029569892473	0.2962029569892473	0.9906277542746342	5
CONTRAST_C:-logFC	110 hpf	pH 8.0	Intragenic	GO:0072657	protein localization to membrane	protein localization to membrane	positive regulation of protein localization to plasma membrane	3.0	3	3	4	0.2962029569892473	0.2962029569892473	0.9906277542746342	6
CONTRAST_C:-logFC	110 hpf	pH 8.0	Intragenic	GO:0000398	mRNA splicing, via spliceosome	mRNA splicing, via spliceosome	mRNA splicing, via spliceosome	122.0	3	3	3	0.2962029569892473	0.2962029569892473	0.9906277542746342	7
CONTRAST_C:-logFC	110 hpf	pH 8.0	Intragenic	GO:0030162	regulation of proteolysis	regulation of proteolysis	translation	8.0	3	3	13	0.2962029569892473	0.2962029569892473	0.9906277542746342	8
CONTRAST_C:-logFC	110 hpf	pH 8.0	Intragenic	GO:0030178	negative regulation of Wnt signaling pathway	negative regulation of Wnt signaling pathway	signal transduction	8.0	2	2	3	0.44791666666666674	0.44791666666666674	0.9906277542746342	9
CONTRAST_C:-logFC	110 hpf	pH 8.0	Intragenic	GO:0006412	translation	translation	translation	238.0	2	2	2	0.44791666666666674	0.44791666666666674	0.9906277542746342	10
CONTRAST_C:-logFC	110 hpf	pH 8.0	Intragenic	GO:0006909	phagocytosis	phagocytosis	vesicle-mediated transport	10.0	2	2	3	0.44791666666666674	0.44791666666666674	0.9906277542746342	11
CONTRAST_C:-logFC	110 hpf	pH 8.0	Intragenic	GO:0008283	cell population proliferation	cell population proliferation	chemical synaptic transmission	1.0	2	2	3	0.44791666666666674	0.44791666666666674	0.9906277542746342	12
CONTRAST_C:-logFC	110 hpf	pH 8.0	Intragenic	GO:0019882	antigen processing and presentation	antigen processing and presentation	chemical synaptic transmission	0.0	2	2	3	0.44791666666666674	0.44791666666666674	0.9906277542746342	13
CONTRAST_C:-logFC	110 hpf	pH 8.0	Intragenic	GO:0032436	positive regulation of proteasomal ubiquitin-dependent protein catabolic process	positive regulation of proteasomal ubiquitin-dependent protein catabolic process	ubiquitin-dependent protein catabolic process	34.0	2	2	12	0.44791666666666674	0.44791666666666674	0.9906277542746342	14
CONTRAST_C:-logFC	110 hpf	pH 8.0	Intragenic	GO:0006898	receptor-mediated endocytosis	receptor-mediated endocytosis	vesicle-mediated transport	22.0	2	2	3	0.44791666666666674	0.44791666666666674	0.9906277542746342	15
CONTRAST_C:-logFC	110 hpf	pH 8.0	Intragenic	GO:0008360	regulation of cell shape	regulation of cell shape	regulation of cell shape	14.0	2	2	3	0.44791666666666674	0.44791666666666674	0.9906277542746342	16
CONTRAST_C:-logFC	110 hpf	pH 8.0	Intragenic	GO:0010942	positive regulation of cell death	positive regulation of cell death	negative regulation of apoptotic process	0.0	4	5	4	0.4661554732945533	0.4661554732945533	0.9906277542746342	17
CONTRAST_C:-logFC	110 hpf	pH 8.0	Intragenic	GO:0010629	negative regulation of gene expression	negative regulation of gene expression	negative regulation of gene expression	66.0	4	5	4	0.4661554732945533	0.4661554732945533	0.9906277542746342	18
CONTRAST_C:-logFC	110 hpf	pH 8.0	Intragenic	GO:0009617	response to bacterium	response to bacterium	response to bacterium	0.0	5	7	5	0.5833641052292469	0.5833641052292469	0.9906277542746342	19
CONTRAST_C:-logFC	110 hpf	pH 8.0	Intragenic	GO:0043065	positive regulation of apoptotic process	positive regulation of apoptotic process	positive regulation of apoptotic process	23.0	3	4	2	0.6021174863387979	0.6021174863387979	0.9906277542746342	20
CONTRAST_C:-logFC	110 hpf	pH 8.0	Intragenic	GO:0006979	response to oxidative stress	response to oxidative stress	response to oxidative stress	75.0	3	4	3	0.6021174863387979	0.6021174863387979	0.9906277542746342	21
CONTRAST_C:-logFC	110 hpf	pH 8.0	Intragenic	GO:0032956	regulation of actin cytoskeleton organization	regulation of actin cytoskeleton organization	cell projection organization	18.0	3	4	5	0.6021174863387979	0.6021174863387979	0.9906277542746342	22
CONTRAST_C:-logFC	110 hpf	pH 8.0	Intragenic	GO:0007155	cell adhesion	cell adhesion	chemical synaptic transmission	59.0	3	4	3	0.6021174863387979	0.6021174863387979	0.9906277542746342	23
CONTRAST_C:-logFC	110 hpf	pH 8.0	Intragenic	GO:0031623	receptor internalization	receptor internalization	vesicle-mediated transport	1.0	1	1	2	0.671875	0.671875	0.9906277542746342	24
CONTRAST_C:-logFC	110 hpf	pH 8.0	Intragenic	GO:0014912	negative regulation of smooth muscle cell migration	negative regulation of smooth muscle cell migration	negative regulation of smooth muscle cell migration	0.0	1	1	2	0.671875	0.671875	0.9906277542746342	25
CONTRAST_C:-logFC	110 hpf	pH 8.0	Intragenic	GO:0016267	O-glycan processing, core 1	O-glycan processing, core 1	O-glycan processing, core 1	10.0	1	1	1	0.671875	0.671875	0.9906277542746342	26
CONTRAST_C:-logFC	110 hpf	pH 8.0	Intragenic	GO:0000389	mRNA 3'-splice site recognition	mRNA 3'-splice site recognition	mRNA splicing, via spliceosome	3.0	1	1	1	0.671875	0.671875	0.9906277542746342	27
CONTRAST_C:-logFC	110 hpf	pH 8.0	Intragenic	GO:0030595	leukocyte chemotaxis	leukocyte chemotaxis	leukocyte chemotaxis	0.0	1	1	1	0.671875	0.671875	0.9906277542746342	28
CONTRAST_C:-logFC	110 hpf	pH 8.0	Intragenic	GO:0002265	astrocyte activation involved in immune response	astrocyte activation involved in immune response	cell differentiation	0.0	1	1	2	0.671875	0.671875	0.9906277542746342	29
CONTRAST_C:-logFC	110 hpf	pH 8.0	Intragenic	GO:0000350	generation of catalytic spliceosome for second transesterification step	generation of catalytic spliceosome for second transesterification step	mRNA splicing, via spliceosome	3.0	1	1	1	0.671875	0.671875	0.9906277542746342	30
CONTRAST_C:-logFC	110 hpf	pH 8.0	Intragenic	GO:0045332	phospholipid translocation	phospholipid translocation	transmembrane transport	8.0	1	1	1	0.671875	0.671875	0.9906277542746342	31
CONTRAST_C:-logFC	110 hpf	pH 8.0	Intragenic	GO:1903078	positive regulation of protein localization to plasma membrane	positive regulation of protein localization to plasma membrane	positive regulation of protein localization to plasma membrane	4.0	1	1	2	0.671875	0.671875	0.9906277542746342	32
CONTRAST_C:-logFC	110 hpf	pH 8.0	Intragenic	GO:0051402	neuron apoptotic process	neuron apoptotic process	negative regulation of apoptotic process	3.0	1	1	1	0.671875	0.671875	0.9906277542746342	33
CONTRAST_C:-logFC	110 hpf	pH 8.0	Intragenic	GO:1902018	negative regulation of cilium assembly	negative regulation of cilium assembly	cell projection organization	0.0	1	1	2	0.671875	0.671875	0.9906277542746342	34
CONTRAST_C:-logFC	110 hpf	pH 8.0	Intragenic	GO:0003279	cardiac septum development	cardiac septum development	nervous system development	0.0	1	1	2	0.671875	0.671875	0.9906277542746342	35
CONTRAST_C:-logFC	110 hpf	pH 8.0	Intragenic	GO:0001525	angiogenesis	angiogenesis	nervous system development	0.0	1	1	1	0.671875	0.671875	0.9906277542746342	36
CONTRAST_C:-logFC	110 hpf	pH 8.0	Intragenic	GO:0016226	iron-sulfur cluster assembly	iron-sulfur cluster assembly	tricarboxylic acid cycle	27.0	1	1	1	0.671875	0.671875	0.9906277542746342	37
CONTRAST_C:-logFC	110 hpf	pH 8.0	Intragenic	GO:0042908	xenobiotic transport	xenobiotic transport	transmembrane transport	8.0	1	1	1	0.671875	0.671875	0.9906277542746342	38
CONTRAST_C:-logFC	110 hpf	pH 8.0	Intragenic	GO:0060576	intestinal epithelial cell development	intestinal epithelial cell development	angiogenesis	0.0	1	1	1	0.671875	0.671875	0.9906277542746342	39
CONTRAST_C:-logFC	110 hpf	pH 8.0	Intragenic	GO:0034775	glutathione transmembrane transport	glutathione transmembrane transport	transmembrane transport	0.0	1	1	1	0.671875	0.671875	0.9906277542746342	40
CONTRAST_C:-logFC	110 hpf	pH 8.0	Intragenic	GO:0007033	vacuole organization	vacuole organization	microtubule cytoskeleton organization	4.0	1	1	2	0.671875	0.671875	0.9906277542746342	41
CONTRAST_C:-logFC	110 hpf	pH 8.0	Intragenic	GO:0045807	positive regulation of endocytosis	positive regulation of endocytosis	vesicle-mediated transport	6.0	1	1	2	0.671875	0.671875	0.9906277542746342	42
CONTRAST_C:-logFC	110 hpf	pH 8.0	Intragenic	GO:1905167	positive regulation of lysosomal protein catabolic process	positive regulation of lysosomal protein catabolic process	protein phosphorylation	0.0	1	1	2	0.671875	0.671875	0.9906277542746342	43
CONTRAST_C:-logFC	110 hpf	pH 8.0	Intragenic	GO:0060976	coronary vasculature development	coronary vasculature development	nervous system development	0.0	1	1	2	0.671875	0.671875	0.9906277542746342	44
CONTRAST_C:-logFC	110 hpf	pH 8.0	Intragenic	GO:0090382	phagosome maturation	phagosome maturation	microtubule cytoskeleton organization	0.0	1	1	2	0.671875	0.671875	0.9906277542746342	45
CONTRAST_C:-logFC	110 hpf	pH 8.0	Intragenic	GO:0015721	bile acid and bile salt transport	bile acid and bile salt transport	sodium ion transport	0.0	1	1	1	0.671875	0.671875	0.9906277542746342	46
CONTRAST_C:-logFC	110 hpf	pH 8.0	Intragenic	GO:0048668	collateral sprouting	collateral sprouting	positive regulation of axon extension involved in regeneration	4.0	1	1	1	0.671875	0.671875	0.9906277542746342	47
CONTRAST_C:-logFC	110 hpf	pH 8.0	Intragenic	GO:1904211	membrane protein proteolysis involved in retrograde protein transport, ER to cytosol	membrane protein proteolysis involved in retrograde protein transport, ER to cytosol	intracellular protein transport	0.0	1	1	1	0.671875	0.671875	0.9906277542746342	48
CONTRAST_C:-logFC	110 hpf	pH 8.0	Intragenic	GO:0009101	glycoprotein biosynthetic process	glycoprotein biosynthetic process	proteasome-mediated ubiquitin-dependent protein catabolic process	0.0	1	1	1	0.671875	0.671875	0.9906277542746342	49
CONTRAST_C:-logFC	110 hpf	pH 8.0	Intragenic	GO:0009303	rRNA transcription	rRNA transcription	regulation of transcription by RNA polymerase II	1.0	1	1	5	0.671875	0.671875	0.9906277542746342	50
CONTRAST_C:-logFC	110 hpf	pH 8.0	Intragenic	GO:0007089	traversing start control point of mitotic cell cycle	traversing start control point of mitotic cell cycle	positive regulation of MAPK cascade	0.0	1	1	2	0.671875	0.671875	0.9906277542746342	51
CONTRAST_C:-logFC	110 hpf	pH 8.0	Intragenic	GO:0016485	protein processing	protein processing	proteasome-mediated ubiquitin-dependent protein catabolic process	45.0	1	1	1	0.671875	0.671875	0.9906277542746342	52
CONTRAST_C:-logFC	110 hpf	pH 8.0	Intragenic	GO:1900223	positive regulation of amyloid-beta clearance	positive regulation of amyloid-beta clearance	sensory perception of sound	0.0	1	1	2	0.671875	0.671875	0.9906277542746342	53
CONTRAST_C:-logFC	110 hpf	pH 8.0	Intragenic	GO:0010977	negative regulation of neuron projection development	negative regulation of neuron projection development	positive regulation of axon extension involved in regeneration	1.0	1	1	2	0.671875	0.671875	0.9906277542746342	54
CONTRAST_C:-logFC	110 hpf	pH 8.0	Intragenic	GO:0048546	digestive tract morphogenesis	digestive tract morphogenesis	nervous system development	4.0	1	1	1	0.671875	0.671875	0.9906277542746342	55
CONTRAST_C:-logFC	110 hpf	pH 8.0	Intragenic	GO:0044242	cellular lipid catabolic process	cellular lipid catabolic process	protein phosphorylation	0.0	1	1	1	0.671875	0.671875	0.9906277542746342	56
CONTRAST_C:-logFC	110 hpf	pH 8.0	Intragenic	GO:0043410	positive regulation of MAPK cascade	positive regulation of MAPK cascade	positive regulation of MAPK cascade	12.0	1	1	2	0.671875	0.671875	0.9906277542746342	57
CONTRAST_C:-logFC	110 hpf	pH 8.0	Intragenic	GO:0018095	protein polyglutamylation	protein polyglutamylation	cell differentiation	9.0	1	1	2	0.671875	0.671875	0.9906277542746342	58
CONTRAST_C:-logFC	110 hpf	pH 8.0	Intragenic	GO:0043277	apoptotic cell clearance	apoptotic cell clearance	vesicle-mediated transport	9.0	1	1	2	0.671875	0.671875	0.9906277542746342	59
CONTRAST_C:-logFC	110 hpf	pH 8.0	Intragenic	GO:0033619	membrane protein proteolysis	membrane protein proteolysis	protein phosphorylation	4.0	1	1	1	0.671875	0.671875	0.9906277542746342	60
CONTRAST_C:-logFC	110 hpf	pH 8.0	Intragenic	GO:0032429	regulation of phospholipase A2 activity	regulation of phospholipase A2 activity	regulation of GTPase activity	0.0	1	1	2	0.671875	0.671875	0.9906277542746342	61
CONTRAST_C:-logFC	110 hpf	pH 8.0	Intragenic	GO:0018107	peptidyl-threonine phosphorylation	peptidyl-threonine phosphorylation	regulation of transcription by RNA polymerase II	30.0	1	1	2	0.671875	0.671875	0.9906277542746342	62
CONTRAST_C:-logFC	110 hpf	pH 8.0	Intragenic	GO:2000587	negative regulation of platelet-derived growth factor receptor-beta signaling pathway	negative regulation of platelet-derived growth factor receptor-beta signaling pathway	signal transduction	0.0	1	1	2	0.671875	0.671875	0.9906277542746342	63
CONTRAST_C:-logFC	110 hpf	pH 8.0	Intragenic	GO:1904646	cellular response to amyloid-beta	cellular response to amyloid-beta	response to salt	0.0	1	1	2	0.671875	0.671875	0.9906277542746342	64
CONTRAST_C:-logFC	110 hpf	pH 8.0	Intragenic	GO:0030282	bone mineralization	bone mineralization	hematopoietic progenitor cell differentiation	0.0	1	1	1	0.671875	0.671875	0.9906277542746342	65
CONTRAST_C:-logFC	110 hpf	pH 8.0	Intragenic	GO:0042256	mature ribosome assembly	mature ribosome assembly	rRNA processing	5.0	1	1	1	0.671875	0.671875	0.9906277542746342	66
CONTRAST_C:-logFC	110 hpf	pH 8.0	Intragenic	GO:0007205	protein kinase C-activating G protein-coupled receptor signaling pathway	protein kinase C-activating G protein-coupled receptor signaling pathway	signal transduction	5.0	1	1	2	0.671875	0.671875	0.9906277542746342	67
CONTRAST_C:-logFC	110 hpf	pH 8.0	Intragenic	GO:0008203	cholesterol metabolic process	cholesterol metabolic process	mRNA splicing, via spliceosome	10.0	1	1	2	0.671875	0.671875	0.9906277542746342	68
CONTRAST_C:-logFC	110 hpf	pH 8.0	Intragenic	GO:1903232	melanosome assembly	melanosome assembly	microtubule cytoskeleton organization	0.0	1	1	2	0.671875	0.671875	0.9906277542746342	69
CONTRAST_C:-logFC	110 hpf	pH 8.0	Intragenic	GO:0035646	endosome to melanosome transport	endosome to melanosome transport	intracellular protein transport	0.0	1	1	2	0.671875	0.671875	0.9906277542746342	70
CONTRAST_C:-logFC	110 hpf	pH 8.0	Intragenic	GO:1902749	regulation of cell cycle G2/M phase transition	regulation of cell cycle G2/M phase transition	positive regulation of MAPK cascade	1.0	1	1	1	0.671875	0.671875	0.9906277542746342	71
CONTRAST_C:-logFC	110 hpf	pH 8.0	Intragenic	GO:0042168	heme metabolic process	heme metabolic process	ubiquitin-dependent protein catabolic process	0.0	1	1	1	0.671875	0.671875	0.9906277542746342	72
CONTRAST_C:-logFC	110 hpf	pH 8.0	Intragenic	GO:0006783	heme biosynthetic process	heme biosynthetic process	regulation of transcription by RNA polymerase II	7.0	1	1	1	0.671875	0.671875	0.9906277542746342	73
CONTRAST_C:-logFC	110 hpf	pH 8.0	Intragenic	GO:0006121	mitochondrial electron transport, succinate to ubiquinone	mitochondrial electron transport, succinate to ubiquinone	tricarboxylic acid cycle	7.0	1	1	1	0.671875	0.671875	0.9906277542746342	74
CONTRAST_C:-logFC	110 hpf	pH 8.0	Intragenic	GO:0048539	bone marrow development	bone marrow development	hematopoietic progenitor cell differentiation	0.0	1	1	1	0.671875	0.671875	0.9906277542746342	75
CONTRAST_C:-logFC	110 hpf	pH 8.0	Intragenic	GO:0032438	melanosome organization	melanosome organization	microtubule cytoskeleton organization	1.0	1	1	2	0.671875	0.671875	0.9906277542746342	76
CONTRAST_C:-logFC	110 hpf	pH 8.0	Intragenic	GO:0099039	sphingolipid translocation	sphingolipid translocation	transmembrane transport	0.0	1	1	1	0.671875	0.671875	0.9906277542746342	77
CONTRAST_C:-logFC	110 hpf	pH 8.0	Intragenic	GO:1904750	negative regulation of protein localization to nucleolus	negative regulation of protein localization to nucleolus	positive regulation of protein localization to plasma membrane	0.0	1	1	5	0.671875	0.671875	0.9906277542746342	78
CONTRAST_C:-logFC	110 hpf	pH 8.0	Intragenic	GO:0007268	chemical synaptic transmission	chemical synaptic transmission	chemical synaptic transmission	144.0	1	1	1	0.671875	0.671875	0.9906277542746342	79
CONTRAST_C:-logFC	110 hpf	pH 8.0	Intragenic	GO:0032092	positive regulation of protein binding	positive regulation of protein binding	regulation of GTPase activity	0.0	1	1	2	0.671875	0.671875	0.9906277542746342	80
CONTRAST_C:-logFC	110 hpf	pH 8.0	Intragenic	GO:0043524	negative regulation of neuron apoptotic process	negative regulation of neuron apoptotic process	negative regulation of apoptotic process	0.0	1	1	2	0.671875	0.671875	0.9906277542746342	81
CONTRAST_C:-logFC	110 hpf	pH 8.0	Intragenic	GO:0097242	amyloid-beta clearance	amyloid-beta clearance	sensory perception of sound	0.0	1	1	2	0.671875	0.671875	0.9906277542746342	82
CONTRAST_C:-logFC	110 hpf	pH 8.0	Intragenic	GO:0007052	mitotic spindle organization	mitotic spindle organization	mitotic spindle organization	22.0	1	1	1	0.671875	0.671875	0.9906277542746342	83
CONTRAST_C:-logFC	110 hpf	pH 8.0	Intragenic	GO:0001833	inner cell mass cell proliferation	inner cell mass cell proliferation	hematopoietic progenitor cell differentiation	0.0	1	1	1	0.671875	0.671875	0.9906277542746342	84
CONTRAST_C:-logFC	110 hpf	pH 8.0	Intragenic	GO:0006465	signal peptide processing	signal peptide processing	protein phosphorylation	13.0	1	1	1	0.671875	0.671875	0.9906277542746342	85
CONTRAST_C:-logFC	110 hpf	pH 8.0	Intragenic	GO:0006886	intracellular protein transport	intracellular protein transport	intracellular protein transport	121.0	4	6	7	0.6965995632000526	0.6965995632000526	0.9906277542746342	86
CONTRAST_C:-logFC	110 hpf	pH 8.0	Intragenic	GO:0001934	positive regulation of protein phosphorylation	positive regulation of protein phosphorylation	negative regulation of gene expression	20.0	2	3	2	0.7513440860215054	0.7513440860215054	0.9906277542746342	87
CONTRAST_C:-logFC	110 hpf	pH 8.0	Intragenic	GO:0001822	kidney development	kidney development	angiogenesis	0.0	2	3	2	0.7513440860215054	0.7513440860215054	0.9906277542746342	88
CONTRAST_C:-logFC	110 hpf	pH 8.0	Intragenic	GO:0008285	negative regulation of cell population proliferation	negative regulation of cell population proliferation	cell projection organization	7.0	2	3	3	0.7513440860215054	0.7513440860215054	0.9906277542746342	89
CONTRAST_C:-logFC	110 hpf	pH 8.0	Intragenic	GO:0030111	regulation of Wnt signaling pathway	regulation of Wnt signaling pathway	signal transduction	2.0	2	3	3	0.7513440860215054	0.7513440860215054	0.9906277542746342	90
CONTRAST_C:-logFC	110 hpf	pH 8.0	Intragenic	GO:0000209	protein polyubiquitination	protein polyubiquitination	protein ubiquitination	65.0	2	3	12	0.7513440860215054	0.7513440860215054	0.9906277542746342	91
CONTRAST_C:-logFC	110 hpf	pH 8.0	Intragenic	GO:0001701	in utero embryonic development	in utero embryonic development	nervous system development	0.0	2	3	3	0.7513440860215054	0.7513440860215054	0.9906277542746342	92
CONTRAST_C:-logFC	110 hpf	pH 8.0	Intragenic	GO:0016192	vesicle-mediated transport	vesicle-mediated transport	vesicle-mediated transport	139.0	5	8	6	0.7641435205861473	0.7641435205861473	0.9906277542746342	93
CONTRAST_C:-logFC	110 hpf	pH 8.0	Intragenic	GO:0071702	organic substance transport	organic substance transport	carbohydrate transport	6.0	8	13	10	0.7949020984976346	0.7949020984976346	0.9906277542746342	94
CONTRAST_C:-logFC	110 hpf	pH 8.0	Intragenic	GO:0055085	transmembrane transport	transmembrane transport	transmembrane transport	462.0	3	5	5	0.8060605059051649	0.8060605059051649	0.9906277542746342	95
CONTRAST_C:-logFC	110 hpf	pH 8.0	Intragenic	GO:0060548	negative regulation of cell death	negative regulation of cell death	negative regulation of apoptotic process	2.0	4	7	5	0.8475801738277936	0.8475801738277936	0.9906277542746342	96
CONTRAST_C:-logFC	110 hpf	pH 8.0	Intragenic	GO:0007399	nervous system development	nervous system development	nervous system development	112.0	8	14	7	0.8888600590952972	0.8888600590952972	0.9906277542746342	97
CONTRAST_C:-logFC	110 hpf	pH 8.0	Intragenic	GO:0032374	regulation of cholesterol transport	regulation of cholesterol transport	carbohydrate transport	0.0	1	2	2	0.8958333333333334	0.8958333333333334	0.9906277542746342	98
CONTRAST_C:-logFC	110 hpf	pH 8.0	Intragenic	GO:0045056	transcytosis	transcytosis	vesicle-mediated transport	1.0	1	2	2	0.8958333333333334	0.8958333333333334	0.9906277542746342	99
CONTRAST_C:-logFC	110 hpf	pH 8.0	Intragenic	GO:2001238	positive regulation of extrinsic apoptotic signaling pathway	positive regulation of extrinsic apoptotic signaling pathway	positive regulation of apoptotic process	0.0	1	2	1	0.8958333333333334	0.8958333333333334	0.9906277542746342	100
CONTRAST_C:-logFC	110 hpf	pH 8.0	Intragenic	GO:0001510	RNA methylation	RNA methylation	protein ubiquitination	21.0	1	2	1	0.8958333333333334	0.8958333333333334	0.9906277542746342	101
CONTRAST_C:-logFC	110 hpf	pH 8.0	Intragenic	GO:0032259	methylation	methylation	protein ubiquitination	101.0	1	2	1	0.8958333333333334	0.8958333333333334	0.9906277542746342	102
CONTRAST_C:-logFC	110 hpf	pH 8.0	Intragenic	GO:0043252	sodium-independent organic anion transport	sodium-independent organic anion transport	transmembrane transport	6.0	1	2	1	0.8958333333333334	0.8958333333333334	0.9906277542746342	103
CONTRAST_C:-logFC	110 hpf	pH 8.0	Intragenic	GO:0010001	glial cell differentiation	glial cell differentiation	cell differentiation	0.0	1	2	2	0.8958333333333334	0.8958333333333334	0.9906277542746342	104
CONTRAST_C:-logFC	110 hpf	pH 8.0	Intragenic	GO:0032370	positive regulation of lipid transport	positive regulation of lipid transport	carbohydrate transport	0.0	1	2	2	0.8958333333333334	0.8958333333333334	0.9906277542746342	105
CONTRAST_C:-logFC	110 hpf	pH 8.0	Intragenic	GO:0006511	ubiquitin-dependent protein catabolic process	ubiquitin-dependent protein catabolic process	protein ubiquitination	118.0	1	2	1	0.8958333333333334	0.8958333333333334	0.9906277542746342	106
CONTRAST_C:-logFC	110 hpf	pH 8.0	Intragenic	GO:0010875	positive regulation of cholesterol efflux	positive regulation of cholesterol efflux	carbohydrate transport	0.0	1	2	2	0.8958333333333334	0.8958333333333334	0.9906277542746342	107
CONTRAST_C:-logFC	110 hpf	pH 8.0	Intragenic	GO:0009100	glycoprotein metabolic process	glycoprotein metabolic process	proteasome-mediated ubiquitin-dependent protein catabolic process	4.0	1	2	1	0.8958333333333334	0.8958333333333334	0.9906277542746342	108
CONTRAST_C:-logFC	110 hpf	pH 8.0	Intragenic	GO:0043161	proteasome-mediated ubiquitin-dependent protein catabolic process	proteasome-mediated ubiquitin-dependent protein catabolic process	proteasome-mediated ubiquitin-dependent protein catabolic process	75.0	1	2	1	0.8958333333333334	0.8958333333333334	0.9906277542746342	109
CONTRAST_C:-logFC	110 hpf	pH 8.0	Intragenic	GO:0006099	tricarboxylic acid cycle	tricarboxylic acid cycle	tricarboxylic acid cycle	43.0	1	2	1	0.8958333333333334	0.8958333333333334	0.9906277542746342	110
CONTRAST_C:-logFC	110 hpf	pH 8.0	Intragenic	GO:0009060	aerobic respiration	aerobic respiration	tricarboxylic acid cycle	4.0	1	2	1	0.8958333333333334	0.8958333333333334	0.9906277542746342	111
CONTRAST_C:-logFC	110 hpf	pH 8.0	Intragenic	GO:0035909	aorta morphogenesis	aorta morphogenesis	nervous system development	0.0	1	2	2	0.8958333333333334	0.8958333333333334	0.9906277542746342	112
CONTRAST_C:-logFC	110 hpf	pH 8.0	Intragenic	GO:0032376	positive regulation of cholesterol transport	positive regulation of cholesterol transport	carbohydrate transport	0.0	1	2	2	0.8958333333333334	0.8958333333333334	0.9906277542746342	113
CONTRAST_C:-logFC	110 hpf	pH 8.0	Intragenic	GO:0045087	innate immune response	innate immune response	innate immune response	321.0	1	2	1	0.8958333333333334	0.8958333333333334	0.9906277542746342	114
CONTRAST_C:-logFC	110 hpf	pH 8.0	Intragenic	GO:0016567	protein ubiquitination	protein ubiquitination	protein ubiquitination	210.0	2	4	12	0.900570685704213	0.900570685704213	0.9906277542746342	115
CONTRAST_C:-logFC	110 hpf	pH 8.0	Intragenic	GO:0006468	protein phosphorylation	protein phosphorylation	regulation of transcription by RNA polymerase II	541.0	2	4	6	0.900570685704213	0.900570685704213	0.9906277542746342	116
CONTRAST_C:-logFC	110 hpf	pH 8.0	Intragenic	GO:0051222	positive regulation of protein transport	positive regulation of protein transport	carbohydrate transport	1.0	2	4	3	0.900570685704213	0.900570685704213	0.9906277542746342	117
CONTRAST_C:-logFC	110 hpf	pH 8.0	Intragenic	GO:0043066	negative regulation of apoptotic process	negative regulation of apoptotic process	negative regulation of apoptotic process	38.0	2	4	3	0.900570685704213	0.900570685704213	0.9906277542746342	118
CONTRAST_C:-logFC	110 hpf	pH 8.0	Intragenic	GO:0006364	rRNA processing	rRNA processing	rRNA processing	90.0	2	4	2	0.900570685704213	0.900570685704213	0.9906277542746342	119
CONTRAST_C:-logFC	110 hpf	pH 8.0	Intragenic	GO:0051276	chromosome organization	chromosome organization	microtubule cytoskeleton organization	11.0	2	4	2	0.900570685704213	0.900570685704213	0.9906277542746342	120
CONTRAST_C:-logFC	110 hpf	pH 8.0	Intragenic	GO:0008152	metabolic process	metabolic process	protein ubiquitination	82.0	27	43	18	0.914392495751296	0.914392495751296	0.9975190862741411	121
CONTRAST_C:-logFC	110 hpf	pH 8.0	Intragenic	GO:0007165	signal transduction	signal transduction	signal transduction	543.0	7	13	7	0.9280092093443233	0.9280092093443233	0.9999540256671222	122
CONTRAST_C:-logFC	110 hpf	pH 8.0	Intragenic	GO:0048729	tissue morphogenesis	tissue morphogenesis	tissue morphogenesis	2.0	2	5	3	0.9635774722369117	0.9635774722369117	0.9999540256671222	123
CONTRAST_C:-logFC	110 hpf	pH 8.0	Intragenic	GO:0007005	mitochondrion organization	mitochondrion organization	microtubule cytoskeleton organization	38.0	1	3	2	0.9680779569892473	0.9680779569892473	0.9999540256671222	124
CONTRAST_C:-logFC	110 hpf	pH 8.0	Intragenic	GO:0032940	secretion by cell	secretion by cell	G1/S transition of mitotic cell cycle	0.0	1	3	2	0.9680779569892473	0.9680779569892473	0.9999540256671222	125
CONTRAST_C:-logFC	110 hpf	pH 8.0	Intragenic	GO:1901653	cellular response to peptide	cellular response to peptide	response to salt	0.0	1	3	2	0.9680779569892473	0.9680779569892473	0.9999540256671222	126
CONTRAST_C:-logFC	110 hpf	pH 8.0	Intragenic	GO:0015908	fatty acid transport	fatty acid transport	carbohydrate transport	5.0	1	3	1	0.9680779569892473	0.9680779569892473	0.9999540256671222	127
CONTRAST_C:-logFC	110 hpf	pH 8.0	Intragenic	GO:0030154	cell differentiation	cell differentiation	cell differentiation	305.0	8	17	7	0.9899767214527817	0.9899767214527817	0.9999540256671222	128
CONTRAST_C:-logFC	110 hpf	pH 8.0	Intragenic	GO:0001501	skeletal system development	skeletal system development	nervous system development	0.0	1	4	1	0.9905803807509255	0.9905803807509255	0.9999540256671222	129
CONTRAST_C:-logFC	110 hpf	pH 8.0	Intragenic	GO:0045893	positive regulation of DNA-templated transcription	positive regulation of DNA-templated transcription	regulation of transcription by RNA polymerase II	50.0	1	6	4	0.9992762326452689	0.9992762326452689	0.9999540256671222	130
CONTRAST_C:-logFC	110 hpf	pH 8.0	Intragenic	GO:0010468	regulation of gene expression	regulation of gene expression	regulation of gene expression	103.0	7	18	11	0.999443914139142	0.999443914139142	0.9999540256671222	131
CONTRAST_C:-logFC	110 hpf	pH 8.0	Intragenic	GO:0006357	regulation of transcription by RNA polymerase II	regulation of transcription by RNA polymerase II	regulation of transcription by RNA polymerase II	643.0	1	8	1	0.9999540256671223	0.9999540256671223	0.9999540256671222	132
