rnatype	Length	first_nuc	n	sample_id
Artifacts	18	A	2	HR110761
Artifacts	18	G	1	HR110761
Artifacts	18	T	2	HR110761
Artifacts	19	A	1	HR110761
Artifacts	19	C	8	HR110761
Artifacts	20	T	3	HR110761
Artifacts	21	C	2	HR110761
Artifacts	21	T	7	HR110761
Artifacts	22	C	1	HR110761
Artifacts	22	T	1	HR110761
Artifacts	23	A	1	HR110761
Artifacts	23	C	1	HR110761
Artifacts	23	T	3	HR110761
Artifacts	24	A	4	HR110761
Artifacts	24	C	2	HR110761
Artifacts	24	T	2	HR110761
Artifacts	27	T	4	HR110761
Artifacts	28	T	3	HR110761
Artifacts	29	C	2	HR110761
Artifacts	31	A	1	HR110761
Artifacts	33	A	1	HR110761
Artifacts	34	C	3	HR110761
Artifacts	34	G	1	HR110761
Artifacts	34	T	1	HR110761
Artifacts	35	C	5	HR110761
Artifacts	35	G	3	HR110761
Artifacts	35	T	2	HR110761
Artifacts	36	A	2	HR110761
Artifacts	36	C	15	HR110761
Artifacts	36	G	1	HR110761
Artifacts	36	T	1	HR110761
Artifacts	37	A	4	HR110761
Artifacts	37	C	21	HR110761
Artifacts	37	G	5	HR110761
Artifacts	37	T	3	HR110761
Artifacts	38	A	8	HR110761
Artifacts	38	C	15	HR110761
Artifacts	38	G	10	HR110761
Artifacts	38	T	14	HR110761
Artifacts	39	A	3	HR110761
Artifacts	39	C	12	HR110761
Artifacts	39	G	13	HR110761
Artifacts	39	T	10	HR110761
Artifacts	40	A	9	HR110761
Artifacts	40	C	15	HR110761
Artifacts	40	G	14	HR110761
Artifacts	40	T	7	HR110761
Artifacts	41	A	11	HR110761
Artifacts	41	C	15	HR110761
Artifacts	41	G	9	HR110761
Artifacts	41	T	9	HR110761
Artifacts	42	A	10	HR110761
Artifacts	42	C	15	HR110761
Artifacts	42	G	28	HR110761
Artifacts	42	T	8	HR110761
miRNAs	18	A	4049	HR110761
miRNAs	18	C	257	HR110761
miRNAs	18	G	919	HR110761
miRNAs	18	T	7326	HR110761
miRNAs	19	A	2951	HR110761
miRNAs	19	C	511	HR110761
miRNAs	19	G	244	HR110761
miRNAs	19	T	2268	HR110761
miRNAs	20	A	1649	HR110761
miRNAs	20	C	4585	HR110761
miRNAs	20	G	472	HR110761
miRNAs	20	T	9813	HR110761
miRNAs	21	A	11086	HR110761
miRNAs	21	C	25806	HR110761
miRNAs	21	G	1072	HR110761
miRNAs	21	T	240185	HR110761
miRNAs	22	A	121526	HR110761
miRNAs	22	C	95877	HR110761
miRNAs	22	G	5413	HR110761
miRNAs	22	T	805527	HR110761
miRNAs	23	A	38802	HR110761
miRNAs	23	C	15356	HR110761
miRNAs	23	G	718	HR110761
miRNAs	23	T	863850	HR110761
miRNAs	24	A	36572	HR110761
miRNAs	24	C	21060	HR110761
miRNAs	24	G	166	HR110761
miRNAs	24	T	163925	HR110761
miRNAs	25	A	1727	HR110761
miRNAs	25	C	393	HR110761
miRNAs	25	G	15	HR110761
miRNAs	25	T	1804	HR110761
miRNAs	26	A	107	HR110761
miRNAs	26	C	57	HR110761
miRNAs	26	G	2	HR110761
miRNAs	26	T	78	HR110761
miRNAs	27	A	1	HR110761
miRNAs	27	C	1	HR110761
miRNAs	27	T	7	HR110761
miRNAs	28	A	1	HR110761
miRNAs	28	C	3	HR110761
miRNAs	28	G	1	HR110761
miRNAs	28	T	3	HR110761
miRNAs	29	A	2	HR110761
miRNAs	29	G	2	HR110761
miRNAs	29	T	1	HR110761
miRNAs	31	C	1	HR110761
miRNAs	31	T	1	HR110761
miRNAs	33	G	3	HR110761
rRNA	18	A	55283	HR110761
rRNA	18	C	46255	HR110761
rRNA	18	G	27972	HR110761
rRNA	18	T	49029	HR110761
rRNA	19	A	48533	HR110761
rRNA	19	C	43926	HR110761
rRNA	19	G	28685	HR110761
rRNA	19	T	40982	HR110761
rRNA	20	A	37912	HR110761
rRNA	20	C	34818	HR110761
rRNA	20	G	27294	HR110761
rRNA	20	T	29903	HR110761
rRNA	21	A	30007	HR110761
rRNA	21	C	27460	HR110761
rRNA	21	G	33798	HR110761
rRNA	21	T	60063	HR110761
rRNA	22	A	21257	HR110761
rRNA	22	C	19544	HR110761
rRNA	22	G	16355	HR110761
rRNA	22	T	19234	HR110761
rRNA	23	A	18392	HR110761
rRNA	23	C	14449	HR110761
rRNA	23	G	10994	HR110761
rRNA	23	T	9847	HR110761
rRNA	24	A	9293	HR110761
rRNA	24	C	11346	HR110761
rRNA	24	G	7304	HR110761
rRNA	24	T	6791	HR110761
rRNA	25	A	8130	HR110761
rRNA	25	C	5967	HR110761
rRNA	25	G	5088	HR110761
rRNA	25	T	4903	HR110761
rRNA	26	A	4900	HR110761
rRNA	26	C	4722	HR110761
rRNA	26	G	3835	HR110761
rRNA	26	T	3868	HR110761
rRNA	27	A	3091	HR110761
rRNA	27	C	2508	HR110761
rRNA	27	G	2424	HR110761
rRNA	27	T	2304	HR110761
rRNA	28	A	3076	HR110761
rRNA	28	C	2394	HR110761
rRNA	28	G	1405	HR110761
rRNA	28	T	1380	HR110761
rRNA	29	A	1061	HR110761
rRNA	29	C	1613	HR110761
rRNA	29	G	1013	HR110761
rRNA	29	T	683	HR110761
rRNA	30	A	603	HR110761
rRNA	30	C	1120	HR110761
rRNA	30	G	627	HR110761
rRNA	30	T	573	HR110761
rRNA	31	A	413	HR110761
rRNA	31	C	1649	HR110761
rRNA	31	G	557	HR110761
rRNA	31	T	322	HR110761
rRNA	32	A	374	HR110761
rRNA	32	C	511	HR110761
rRNA	32	G	281	HR110761
rRNA	32	T	242	HR110761
rRNA	33	A	258	HR110761
rRNA	33	C	151	HR110761
rRNA	33	G	162	HR110761
rRNA	33	T	118	HR110761
rRNA	34	A	153	HR110761
rRNA	34	C	186	HR110761
rRNA	34	G	89	HR110761
rRNA	34	T	119	HR110761
rRNA	35	A	107	HR110761
rRNA	35	C	216	HR110761
rRNA	35	G	79	HR110761
rRNA	35	T	77	HR110761
rRNA	36	A	82	HR110761
rRNA	36	C	142	HR110761
rRNA	36	G	60	HR110761
rRNA	36	T	62	HR110761
rRNA	37	A	70	HR110761
rRNA	37	C	58	HR110761
rRNA	37	G	48	HR110761
rRNA	37	T	54	HR110761
rRNA	38	A	57	HR110761
rRNA	38	C	53	HR110761
rRNA	38	G	38	HR110761
rRNA	38	T	48	HR110761
rRNA	39	A	49	HR110761
rRNA	39	C	28	HR110761
rRNA	39	G	37	HR110761
rRNA	39	T	29	HR110761
rRNA	40	A	45	HR110761
rRNA	40	C	52	HR110761
rRNA	40	G	37	HR110761
rRNA	40	T	46	HR110761
rRNA	41	A	36	HR110761
rRNA	41	C	33	HR110761
rRNA	41	G	33	HR110761
rRNA	41	T	63	HR110761
rRNA	42	A	27	HR110761
rRNA	42	C	29	HR110761
rRNA	42	G	19	HR110761
rRNA	42	T	25	HR110761
tRNA	18	A	1645	HR110761
tRNA	18	C	2968	HR110761
tRNA	18	G	1955	HR110761
tRNA	18	T	1650	HR110761
tRNA	19	A	835	HR110761
tRNA	19	C	1313	HR110761
tRNA	19	G	1389	HR110761
tRNA	19	T	2515	HR110761
tRNA	20	A	1047	HR110761
tRNA	20	C	3663	HR110761
tRNA	20	G	2165	HR110761
tRNA	20	T	1317	HR110761
tRNA	21	A	1878	HR110761
tRNA	21	C	2813	HR110761
tRNA	21	G	1918	HR110761
tRNA	21	T	827	HR110761
tRNA	22	A	588	HR110761
tRNA	22	C	3585	HR110761
tRNA	22	G	2053	HR110761
tRNA	22	T	514	HR110761
tRNA	23	A	495	HR110761
tRNA	23	C	9825	HR110761
tRNA	23	G	1504	HR110761
tRNA	23	T	937	HR110761
tRNA	24	A	485	HR110761
tRNA	24	C	6471	HR110761
tRNA	24	G	1667	HR110761
tRNA	24	T	558	HR110761
tRNA	25	A	64	HR110761
tRNA	25	C	2106	HR110761
tRNA	25	G	2873	HR110761
tRNA	25	T	208	HR110761
tRNA	26	A	22	HR110761
tRNA	26	C	122	HR110761
tRNA	26	G	2698	HR110761
tRNA	26	T	4517	HR110761
tRNA	27	A	26	HR110761
tRNA	27	C	81	HR110761
tRNA	27	G	125	HR110761
tRNA	27	T	567	HR110761
tRNA	28	A	14	HR110761
tRNA	28	C	142	HR110761
tRNA	28	G	264	HR110761
tRNA	28	T	61	HR110761
tRNA	29	A	12	HR110761
tRNA	29	C	93	HR110761
tRNA	29	G	472	HR110761
tRNA	29	T	54	HR110761
tRNA	30	A	30	HR110761
tRNA	30	C	48	HR110761
tRNA	30	G	308	HR110761
tRNA	30	T	15	HR110761
tRNA	31	A	7	HR110761
tRNA	31	C	36	HR110761
tRNA	31	G	602	HR110761
tRNA	31	T	28	HR110761
tRNA	32	A	4	HR110761
tRNA	32	C	18	HR110761
tRNA	32	G	544	HR110761
tRNA	32	T	61	HR110761
tRNA	33	A	1	HR110761
tRNA	33	C	5	HR110761
tRNA	33	G	117	HR110761
tRNA	33	T	300	HR110761
tRNA	34	G	97	HR110761
tRNA	34	T	38	HR110761
tRNA	35	C	1	HR110761
tRNA	35	G	72	HR110761
tRNA	35	T	37	HR110761
tRNA	36	A	1	HR110761
tRNA	36	C	1	HR110761
tRNA	36	G	10	HR110761
tRNA	36	T	32	HR110761
tRNA	37	G	5	HR110761
tRNA	38	G	1	HR110761
tRNA	39	A	2	HR110761
tRNA	39	T	1	HR110761
tRNA	40	G	1	HR110761
tRNA	41	A	3	HR110761
tRNA	41	G	1	HR110761
tRNA	42	T	1	HR110761
Unknown	18	A	66536	HR110761
Unknown	18	C	74109	HR110761
Unknown	18	G	61859	HR110761
Unknown	18	T	96144	HR110761
Unknown	19	A	60637	HR110761
Unknown	19	C	66964	HR110761
Unknown	19	G	60777	HR110761
Unknown	19	T	97370	HR110761
Unknown	20	A	59456	HR110761
Unknown	20	C	60695	HR110761
Unknown	20	G	59873	HR110761
Unknown	20	T	102158	HR110761
Unknown	21	A	56906	HR110761
Unknown	21	C	64334	HR110761
Unknown	21	G	46804	HR110761
Unknown	21	T	73409	HR110761
Unknown	22	A	47938	HR110761
Unknown	22	C	73921	HR110761
Unknown	22	G	39542	HR110761
Unknown	22	T	194135	HR110761
Unknown	23	A	34954	HR110761
Unknown	23	C	44350	HR110761
Unknown	23	G	32016	HR110761
Unknown	23	T	65545	HR110761
Unknown	24	A	24533	HR110761
Unknown	24	C	30569	HR110761
Unknown	24	G	32247	HR110761
Unknown	24	T	73529	HR110761
Unknown	25	A	21132	HR110761
Unknown	25	C	20143	HR110761
Unknown	25	G	28593	HR110761
Unknown	25	T	85099	HR110761
Unknown	26	A	17277	HR110761
Unknown	26	C	33378	HR110761
Unknown	26	G	15190	HR110761
Unknown	26	T	108405	HR110761
Unknown	27	A	16310	HR110761
Unknown	27	C	26482	HR110761
Unknown	27	G	17866	HR110761
Unknown	27	T	132190	HR110761
Unknown	28	A	14812	HR110761
Unknown	28	C	16026	HR110761
Unknown	28	G	12646	HR110761
Unknown	28	T	133364	HR110761
Unknown	29	A	9284	HR110761
Unknown	29	C	8209	HR110761
Unknown	29	G	5824	HR110761
Unknown	29	T	83921	HR110761
Unknown	30	A	5101	HR110761
Unknown	30	C	2919	HR110761
Unknown	30	G	3446	HR110761
Unknown	30	T	22821	HR110761
Unknown	31	A	1755	HR110761
Unknown	31	C	2734	HR110761
Unknown	31	G	1907	HR110761
Unknown	31	T	4653	HR110761
Unknown	32	A	889	HR110761
Unknown	32	C	1695	HR110761
Unknown	32	G	1190	HR110761
Unknown	32	T	1919	HR110761
Unknown	33	A	1694	HR110761
Unknown	33	C	868	HR110761
Unknown	33	G	674	HR110761
Unknown	33	T	1033	HR110761
Unknown	34	A	530	HR110761
Unknown	34	C	530	HR110761
Unknown	34	G	383	HR110761
Unknown	34	T	1059	HR110761
Unknown	35	A	548	HR110761
Unknown	35	C	276	HR110761
Unknown	35	G	570	HR110761
Unknown	35	T	750	HR110761
Unknown	36	A	367	HR110761
Unknown	36	C	224	HR110761
Unknown	36	G	345	HR110761
Unknown	36	T	1875	HR110761
Unknown	37	A	894	HR110761
Unknown	37	C	261	HR110761
Unknown	37	G	207	HR110761
Unknown	37	T	427	HR110761
Unknown	38	A	868	HR110761
Unknown	38	C	317	HR110761
Unknown	38	G	186	HR110761
Unknown	38	T	288	HR110761
Unknown	39	A	443	HR110761
Unknown	39	C	284	HR110761
Unknown	39	G	88	HR110761
Unknown	39	T	460	HR110761
Unknown	40	A	161	HR110761
Unknown	40	C	164	HR110761
Unknown	40	G	135	HR110761
Unknown	40	T	206	HR110761
Unknown	41	A	87	HR110761
Unknown	41	C	148	HR110761
Unknown	41	G	102	HR110761
Unknown	41	T	103	HR110761
Unknown	42	A	166	HR110761
Unknown	42	C	135	HR110761
Unknown	42	G	117	HR110761
Unknown	42	T	120	HR110761
Artifacts	18	T	3	HR110762
Artifacts	19	T	1	HR110762
Artifacts	20	T	1	HR110762
Artifacts	21	C	1	HR110762
Artifacts	22	C	1	HR110762
Artifacts	23	T	1	HR110762
Artifacts	24	A	1	HR110762
Artifacts	25	T	1	HR110762
Artifacts	26	C	1	HR110762
Artifacts	26	T	1	HR110762
Artifacts	28	T	2	HR110762
Artifacts	29	C	1	HR110762
Artifacts	31	A	1	HR110762
Artifacts	32	C	1	HR110762
Artifacts	34	C	1	HR110762
Artifacts	35	A	2	HR110762
Artifacts	35	C	2	HR110762
Artifacts	35	G	1	HR110762
Artifacts	35	T	1	HR110762
Artifacts	36	C	5	HR110762
Artifacts	36	G	2	HR110762
Artifacts	36	T	1	HR110762
Artifacts	37	A	1	HR110762
Artifacts	37	C	20	HR110762
Artifacts	37	G	6	HR110762
Artifacts	37	T	1	HR110762
Artifacts	38	A	7	HR110762
Artifacts	38	C	14	HR110762
Artifacts	38	G	9	HR110762
Artifacts	38	T	9	HR110762
Artifacts	39	A	7	HR110762
Artifacts	39	C	9	HR110762
Artifacts	39	G	9	HR110762
Artifacts	39	T	6	HR110762
Artifacts	40	A	9	HR110762
Artifacts	40	C	10	HR110762
Artifacts	40	G	11	HR110762
Artifacts	40	T	4	HR110762
Artifacts	41	A	10	HR110762
Artifacts	41	C	10	HR110762
Artifacts	41	G	17	HR110762
Artifacts	41	T	8	HR110762
Artifacts	42	A	11	HR110762
Artifacts	42	C	18	HR110762
Artifacts	42	G	27	HR110762
Artifacts	42	T	10	HR110762
miRNAs	18	A	2413	HR110762
miRNAs	18	C	494	HR110762
miRNAs	18	G	583	HR110762
miRNAs	18	T	4886	HR110762
miRNAs	19	A	2513	HR110762
miRNAs	19	C	749	HR110762
miRNAs	19	G	225	HR110762
miRNAs	19	T	2262	HR110762
miRNAs	20	A	1201	HR110762
miRNAs	20	C	6359	HR110762
miRNAs	20	G	504	HR110762
miRNAs	20	T	15482	HR110762
miRNAs	21	A	12194	HR110762
miRNAs	21	C	28324	HR110762
miRNAs	21	G	1767	HR110762
miRNAs	21	T	304150	HR110762
miRNAs	22	A	134246	HR110762
miRNAs	22	C	100344	HR110762
miRNAs	22	G	5456	HR110762
miRNAs	22	T	1032959	HR110762
miRNAs	23	A	53352	HR110762
miRNAs	23	C	15827	HR110762
miRNAs	23	G	1512	HR110762
miRNAs	23	T	1304251	HR110762
miRNAs	24	A	58504	HR110762
miRNAs	24	C	27480	HR110762
miRNAs	24	G	217	HR110762
miRNAs	24	T	276303	HR110762
miRNAs	25	A	2432	HR110762
miRNAs	25	C	735	HR110762
miRNAs	25	G	51	HR110762
miRNAs	25	T	3579	HR110762
miRNAs	26	A	175	HR110762
miRNAs	26	C	137	HR110762
miRNAs	26	G	1	HR110762
miRNAs	26	T	224	HR110762
miRNAs	27	A	16	HR110762
miRNAs	27	C	11	HR110762
miRNAs	27	G	1	HR110762
miRNAs	27	T	32	HR110762
miRNAs	28	A	9	HR110762
miRNAs	28	C	8	HR110762
miRNAs	28	G	2	HR110762
miRNAs	28	T	9	HR110762
miRNAs	29	A	4	HR110762
miRNAs	29	C	2	HR110762
miRNAs	29	T	6	HR110762
miRNAs	30	A	1	HR110762
miRNAs	30	C	4	HR110762
miRNAs	30	T	1	HR110762
miRNAs	31	A	2	HR110762
miRNAs	31	C	1	HR110762
miRNAs	31	G	1	HR110762
miRNAs	32	G	1	HR110762
miRNAs	32	T	1	HR110762
miRNAs	33	T	1	HR110762
miRNAs	34	A	1	HR110762
miRNAs	34	T	1	HR110762
miRNAs	35	C	1	HR110762
miRNAs	40	G	1	HR110762
miRNAs	40	T	1	HR110762
miRNAs	42	A	1	HR110762
rRNA	18	A	54394	HR110762
rRNA	18	C	40436	HR110762
rRNA	18	G	24422	HR110762
rRNA	18	T	60851	HR110762
rRNA	19	A	53592	HR110762
rRNA	19	C	40763	HR110762
rRNA	19	G	24738	HR110762
rRNA	19	T	47431	HR110762
rRNA	20	A	43926	HR110762
rRNA	20	C	34685	HR110762
rRNA	20	G	28865	HR110762
rRNA	20	T	34303	HR110762
rRNA	21	A	34386	HR110762
rRNA	21	C	41784	HR110762
rRNA	21	G	31764	HR110762
rRNA	21	T	101467	HR110762
rRNA	22	A	28018	HR110762
rRNA	22	C	22257	HR110762
rRNA	22	G	18500	HR110762
rRNA	22	T	26665	HR110762
rRNA	23	A	23250	HR110762
rRNA	23	C	16658	HR110762
rRNA	23	G	13243	HR110762
rRNA	23	T	14342	HR110762
rRNA	24	A	13180	HR110762
rRNA	24	C	14175	HR110762
rRNA	24	G	9458	HR110762
rRNA	24	T	9640	HR110762
rRNA	25	A	12118	HR110762
rRNA	25	C	8462	HR110762
rRNA	25	G	7102	HR110762
rRNA	25	T	6680	HR110762
rRNA	26	A	7624	HR110762
rRNA	26	C	6699	HR110762
rRNA	26	G	5416	HR110762
rRNA	26	T	5756	HR110762
rRNA	27	A	5347	HR110762
rRNA	27	C	4140	HR110762
rRNA	27	G	4331	HR110762
rRNA	27	T	4063	HR110762
rRNA	28	A	5522	HR110762
rRNA	28	C	4070	HR110762
rRNA	28	G	2744	HR110762
rRNA	28	T	5069	HR110762
rRNA	29	A	2774	HR110762
rRNA	29	C	3018	HR110762
rRNA	29	G	2814	HR110762
rRNA	29	T	1787	HR110762
rRNA	30	A	2049	HR110762
rRNA	30	C	1913	HR110762
rRNA	30	G	1242	HR110762
rRNA	30	T	1503	HR110762
rRNA	31	A	1224	HR110762
rRNA	31	C	2205	HR110762
rRNA	31	G	969	HR110762
rRNA	31	T	916	HR110762
rRNA	32	A	786	HR110762
rRNA	32	C	1062	HR110762
rRNA	32	G	638	HR110762
rRNA	32	T	702	HR110762
rRNA	33	A	546	HR110762
rRNA	33	C	398	HR110762
rRNA	33	G	384	HR110762
rRNA	33	T	322	HR110762
rRNA	34	A	374	HR110762
rRNA	34	C	387	HR110762
rRNA	34	G	247	HR110762
rRNA	34	T	242	HR110762
rRNA	35	A	291	HR110762
rRNA	35	C	510	HR110762
rRNA	35	G	254	HR110762
rRNA	35	T	164	HR110762
rRNA	36	A	171	HR110762
rRNA	36	C	226	HR110762
rRNA	36	G	92	HR110762
rRNA	36	T	87	HR110762
rRNA	37	A	98	HR110762
rRNA	37	C	147	HR110762
rRNA	37	G	76	HR110762
rRNA	37	T	106	HR110762
rRNA	38	A	75	HR110762
rRNA	38	C	60	HR110762
rRNA	38	G	59	HR110762
rRNA	38	T	104	HR110762
rRNA	39	A	88	HR110762
rRNA	39	C	65	HR110762
rRNA	39	G	108	HR110762
rRNA	39	T	50	HR110762
rRNA	40	A	47	HR110762
rRNA	40	C	83	HR110762
rRNA	40	G	86	HR110762
rRNA	40	T	84	HR110762
rRNA	41	A	71	HR110762
rRNA	41	C	76	HR110762
rRNA	41	G	70	HR110762
rRNA	41	T	121	HR110762
rRNA	42	A	48	HR110762
rRNA	42	C	69	HR110762
rRNA	42	G	40	HR110762
rRNA	42	T	43	HR110762
tRNA	18	A	1553	HR110762
tRNA	18	C	2882	HR110762
tRNA	18	G	2357	HR110762
tRNA	18	T	2138	HR110762
tRNA	19	A	907	HR110762
tRNA	19	C	1378	HR110762
tRNA	19	G	2073	HR110762
tRNA	19	T	2820	HR110762
tRNA	20	A	1301	HR110762
tRNA	20	C	3370	HR110762
tRNA	20	G	2450	HR110762
tRNA	20	T	1639	HR110762
tRNA	21	A	3389	HR110762
tRNA	21	C	3088	HR110762
tRNA	21	G	2293	HR110762
tRNA	21	T	992	HR110762
tRNA	22	A	1592	HR110762
tRNA	22	C	3248	HR110762
tRNA	22	G	2613	HR110762
tRNA	22	T	964	HR110762
tRNA	23	A	1099	HR110762
tRNA	23	C	9280	HR110762
tRNA	23	G	1918	HR110762
tRNA	23	T	1300	HR110762
tRNA	24	A	1159	HR110762
tRNA	24	C	6732	HR110762
tRNA	24	G	2155	HR110762
tRNA	24	T	946	HR110762
tRNA	25	A	142	HR110762
tRNA	25	C	2188	HR110762
tRNA	25	G	3589	HR110762
tRNA	25	T	347	HR110762
tRNA	26	A	105	HR110762
tRNA	26	C	233	HR110762
tRNA	26	G	2643	HR110762
tRNA	26	T	8098	HR110762
tRNA	27	A	60	HR110762
tRNA	27	C	176	HR110762
tRNA	27	G	395	HR110762
tRNA	27	T	1357	HR110762
tRNA	28	A	51	HR110762
tRNA	28	C	116	HR110762
tRNA	28	G	961	HR110762
tRNA	28	T	347	HR110762
tRNA	29	A	22	HR110762
tRNA	29	C	168	HR110762
tRNA	29	G	2186	HR110762
tRNA	29	T	206	HR110762
tRNA	30	A	52	HR110762
tRNA	30	C	75	HR110762
tRNA	30	G	1231	HR110762
tRNA	30	T	85	HR110762
tRNA	31	A	20	HR110762
tRNA	31	C	53	HR110762
tRNA	31	G	1680	HR110762
tRNA	31	T	199	HR110762
tRNA	32	A	5	HR110762
tRNA	32	C	43	HR110762
tRNA	32	G	1861	HR110762
tRNA	32	T	146	HR110762
tRNA	33	A	11	HR110762
tRNA	33	C	4	HR110762
tRNA	33	G	419	HR110762
tRNA	33	T	756	HR110762
tRNA	34	A	6	HR110762
tRNA	34	C	2	HR110762
tRNA	34	G	176	HR110762
tRNA	34	T	72	HR110762
tRNA	35	C	3	HR110762
tRNA	35	G	116	HR110762
tRNA	35	T	87	HR110762
tRNA	36	A	1	HR110762
tRNA	36	C	1	HR110762
tRNA	36	G	21	HR110762
tRNA	36	T	77	HR110762
tRNA	37	C	2	HR110762
tRNA	37	G	8	HR110762
tRNA	37	T	2	HR110762
tRNA	38	A	3	HR110762
tRNA	38	C	1	HR110762
tRNA	38	G	3	HR110762
tRNA	38	T	1	HR110762
tRNA	39	A	1	HR110762
tRNA	39	T	5	HR110762
tRNA	40	A	1	HR110762
tRNA	40	G	1	HR110762
tRNA	41	A	5	HR110762
tRNA	41	C	2	HR110762
tRNA	41	G	2	HR110762
tRNA	42	G	2	HR110762
Unknown	18	A	65985	HR110762
Unknown	18	C	68012	HR110762
Unknown	18	G	57107	HR110762
Unknown	18	T	102207	HR110762
Unknown	19	A	63617	HR110762
Unknown	19	C	60982	HR110762
Unknown	19	G	55679	HR110762
Unknown	19	T	120343	HR110762
Unknown	20	A	73543	HR110762
Unknown	20	C	62407	HR110762
Unknown	20	G	69572	HR110762
Unknown	20	T	133887	HR110762
Unknown	21	A	71628	HR110762
Unknown	21	C	71112	HR110762
Unknown	21	G	53628	HR110762
Unknown	21	T	119402	HR110762
Unknown	22	A	62826	HR110762
Unknown	22	C	89802	HR110762
Unknown	22	G	49419	HR110762
Unknown	22	T	296972	HR110762
Unknown	23	A	55301	HR110762
Unknown	23	C	54275	HR110762
Unknown	23	G	51467	HR110762
Unknown	23	T	88390	HR110762
Unknown	24	A	40260	HR110762
Unknown	24	C	41565	HR110762
Unknown	24	G	35151	HR110762
Unknown	24	T	111387	HR110762
Unknown	25	A	35938	HR110762
Unknown	25	C	31040	HR110762
Unknown	25	G	37292	HR110762
Unknown	25	T	136792	HR110762
Unknown	26	A	33606	HR110762
Unknown	26	C	47645	HR110762
Unknown	26	G	28450	HR110762
Unknown	26	T	186677	HR110762
Unknown	27	A	37280	HR110762
Unknown	27	C	51064	HR110762
Unknown	27	G	32621	HR110762
Unknown	27	T	262208	HR110762
Unknown	28	A	34740	HR110762
Unknown	28	C	36125	HR110762
Unknown	28	G	28330	HR110762
Unknown	28	T	322743	HR110762
Unknown	29	A	25113	HR110762
Unknown	29	C	22701	HR110762
Unknown	29	G	22984	HR110762
Unknown	29	T	243019	HR110762
Unknown	30	A	17738	HR110762
Unknown	30	C	9947	HR110762
Unknown	30	G	14279	HR110762
Unknown	30	T	77077	HR110762
Unknown	31	A	8137	HR110762
Unknown	31	C	6886	HR110762
Unknown	31	G	7364	HR110762
Unknown	31	T	15919	HR110762
Unknown	32	A	3315	HR110762
Unknown	32	C	6738	HR110762
Unknown	32	G	3953	HR110762
Unknown	32	T	6579	HR110762
Unknown	33	A	5786	HR110762
Unknown	33	C	2843	HR110762
Unknown	33	G	1917	HR110762
Unknown	33	T	3127	HR110762
Unknown	34	A	1483	HR110762
Unknown	34	C	1252	HR110762
Unknown	34	G	1178	HR110762
Unknown	34	T	2844	HR110762
Unknown	35	A	1161	HR110762
Unknown	35	C	609	HR110762
Unknown	35	G	1297	HR110762
Unknown	35	T	1653	HR110762
Unknown	36	A	594	HR110762
Unknown	36	C	441	HR110762
Unknown	36	G	555	HR110762
Unknown	36	T	1702	HR110762
Unknown	37	A	1276	HR110762
Unknown	37	C	388	HR110762
Unknown	37	G	295	HR110762
Unknown	37	T	629	HR110762
Unknown	38	A	1353	HR110762
Unknown	38	C	376	HR110762
Unknown	38	G	206	HR110762
Unknown	38	T	369	HR110762
Unknown	39	A	663	HR110762
Unknown	39	C	261	HR110762
Unknown	39	G	117	HR110762
Unknown	39	T	369	HR110762
Unknown	40	A	236	HR110762
Unknown	40	C	204	HR110762
Unknown	40	G	135	HR110762
Unknown	40	T	244	HR110762
Unknown	41	A	163	HR110762
Unknown	41	C	179	HR110762
Unknown	41	G	111	HR110762
Unknown	41	T	139	HR110762
Unknown	42	A	179	HR110762
Unknown	42	C	156	HR110762
Unknown	42	G	161	HR110762
Unknown	42	T	175	HR110762
Artifacts	18	A	1	HR110763
Artifacts	18	T	4	HR110763
Artifacts	19	C	3	HR110763
Artifacts	19	T	9	HR110763
Artifacts	20	A	1	HR110763
Artifacts	20	T	2	HR110763
Artifacts	21	T	1	HR110763
Artifacts	22	A	2	HR110763
Artifacts	22	C	2	HR110763
Artifacts	23	A	1	HR110763
Artifacts	23	T	1	HR110763
Artifacts	24	A	2	HR110763
Artifacts	24	C	1	HR110763
Artifacts	25	A	1	HR110763
Artifacts	25	C	2	HR110763
Artifacts	26	A	1	HR110763
Artifacts	26	T	1	HR110763
Artifacts	29	C	1	HR110763
Artifacts	31	A	4	HR110763
Artifacts	31	C	1	HR110763
Artifacts	33	A	1	HR110763
Artifacts	34	C	3	HR110763
Artifacts	35	A	1	HR110763
Artifacts	36	A	2	HR110763
Artifacts	36	C	13	HR110763
Artifacts	36	G	7	HR110763
Artifacts	36	T	1	HR110763
Artifacts	37	A	5	HR110763
Artifacts	37	C	25	HR110763
Artifacts	37	G	3	HR110763
Artifacts	37	T	5	HR110763
Artifacts	38	A	3	HR110763
Artifacts	38	C	20	HR110763
Artifacts	38	G	10	HR110763
Artifacts	38	T	6	HR110763
Artifacts	39	A	5	HR110763
Artifacts	39	C	15	HR110763
Artifacts	39	G	9	HR110763
Artifacts	39	T	10	HR110763
Artifacts	40	A	6	HR110763
Artifacts	40	C	10	HR110763
Artifacts	40	G	11	HR110763
Artifacts	40	T	7	HR110763
Artifacts	41	A	6	HR110763
Artifacts	41	C	21	HR110763
Artifacts	41	G	7	HR110763
Artifacts	41	T	12	HR110763
Artifacts	42	A	13	HR110763
Artifacts	42	C	19	HR110763
Artifacts	42	G	28	HR110763
Artifacts	42	T	17	HR110763
miRNAs	18	A	2012	HR110763
miRNAs	18	C	269	HR110763
miRNAs	18	G	703	HR110763
miRNAs	18	T	3751	HR110763
miRNAs	19	A	2492	HR110763
miRNAs	19	C	509	HR110763
miRNAs	19	G	241	HR110763
miRNAs	19	T	2417	HR110763
miRNAs	20	A	1043	HR110763
miRNAs	20	C	3679	HR110763
miRNAs	20	G	391	HR110763
miRNAs	20	T	13854	HR110763
miRNAs	21	A	7338	HR110763
miRNAs	21	C	17054	HR110763
miRNAs	21	G	1259	HR110763
miRNAs	21	T	192228	HR110763
miRNAs	22	A	77911	HR110763
miRNAs	22	C	61243	HR110763
miRNAs	22	G	3259	HR110763
miRNAs	22	T	684362	HR110763
miRNAs	23	A	29706	HR110763
miRNAs	23	C	7154	HR110763
miRNAs	23	G	824	HR110763
miRNAs	23	T	684107	HR110763
miRNAs	24	A	36340	HR110763
miRNAs	24	C	10669	HR110763
miRNAs	24	G	113	HR110763
miRNAs	24	T	147510	HR110763
miRNAs	25	A	1039	HR110763
miRNAs	25	C	300	HR110763
miRNAs	25	G	18	HR110763
miRNAs	25	T	1900	HR110763
miRNAs	26	A	71	HR110763
miRNAs	26	C	56	HR110763
miRNAs	26	G	2	HR110763
miRNAs	26	T	106	HR110763
miRNAs	27	A	6	HR110763
miRNAs	27	C	4	HR110763
miRNAs	27	T	12	HR110763
miRNAs	28	A	10	HR110763
miRNAs	28	C	3	HR110763
miRNAs	28	G	1	HR110763
miRNAs	28	T	7	HR110763
miRNAs	29	A	1	HR110763
miRNAs	30	G	1	HR110763
miRNAs	31	A	1	HR110763
miRNAs	32	A	1	HR110763
miRNAs	34	T	1	HR110763
miRNAs	36	G	1	HR110763
rRNA	18	A	47158	HR110763
rRNA	18	C	29788	HR110763
rRNA	18	G	19840	HR110763
rRNA	18	T	42227	HR110763
rRNA	19	A	45281	HR110763
rRNA	19	C	33854	HR110763
rRNA	19	G	17952	HR110763
rRNA	19	T	32833	HR110763
rRNA	20	A	32361	HR110763
rRNA	20	C	24231	HR110763
rRNA	20	G	23171	HR110763
rRNA	20	T	21160	HR110763
rRNA	21	A	22331	HR110763
rRNA	21	C	23907	HR110763
rRNA	21	G	20710	HR110763
rRNA	21	T	56686	HR110763
rRNA	22	A	15539	HR110763
rRNA	22	C	14512	HR110763
rRNA	22	G	10710	HR110763
rRNA	22	T	19417	HR110763
rRNA	23	A	13131	HR110763
rRNA	23	C	8436	HR110763
rRNA	23	G	10074	HR110763
rRNA	23	T	7230	HR110763
rRNA	24	A	8678	HR110763
rRNA	24	C	6755	HR110763
rRNA	24	G	5287	HR110763
rRNA	24	T	5177	HR110763
rRNA	25	A	6920	HR110763
rRNA	25	C	4006	HR110763
rRNA	25	G	3616	HR110763
rRNA	25	T	3274	HR110763
rRNA	26	A	4397	HR110763
rRNA	26	C	3452	HR110763
rRNA	26	G	3129	HR110763
rRNA	26	T	2832	HR110763
rRNA	27	A	3129	HR110763
rRNA	27	C	2446	HR110763
rRNA	27	G	2904	HR110763
rRNA	27	T	2104	HR110763
rRNA	28	A	3940	HR110763
rRNA	28	C	2916	HR110763
rRNA	28	G	2213	HR110763
rRNA	28	T	3340	HR110763
rRNA	29	A	1785	HR110763
rRNA	29	C	2515	HR110763
rRNA	29	G	3074	HR110763
rRNA	29	T	1328	HR110763
rRNA	30	A	2474	HR110763
rRNA	30	C	1525	HR110763
rRNA	30	G	987	HR110763
rRNA	30	T	1465	HR110763
rRNA	31	A	1228	HR110763
rRNA	31	C	2234	HR110763
rRNA	31	G	1337	HR110763
rRNA	31	T	816	HR110763
rRNA	32	A	1096	HR110763
rRNA	32	C	1168	HR110763
rRNA	32	G	646	HR110763
rRNA	32	T	1035	HR110763
rRNA	33	A	753	HR110763
rRNA	33	C	551	HR110763
rRNA	33	G	700	HR110763
rRNA	33	T	450	HR110763
rRNA	34	A	638	HR110763
rRNA	34	C	1192	HR110763
rRNA	34	G	400	HR110763
rRNA	34	T	400	HR110763
rRNA	35	A	598	HR110763
rRNA	35	C	1443	HR110763
rRNA	35	G	438	HR110763
rRNA	35	T	480	HR110763
rRNA	36	A	551	HR110763
rRNA	36	C	475	HR110763
rRNA	36	G	294	HR110763
rRNA	36	T	281	HR110763
rRNA	37	A	368	HR110763
rRNA	37	C	354	HR110763
rRNA	37	G	223	HR110763
rRNA	37	T	545	HR110763
rRNA	38	A	311	HR110763
rRNA	38	C	263	HR110763
rRNA	38	G	358	HR110763
rRNA	38	T	469	HR110763
rRNA	39	A	635	HR110763
rRNA	39	C	223	HR110763
rRNA	39	G	224	HR110763
rRNA	39	T	316	HR110763
rRNA	40	A	682	HR110763
rRNA	40	C	365	HR110763
rRNA	40	G	294	HR110763
rRNA	40	T	859	HR110763
rRNA	41	A	505	HR110763
rRNA	41	C	507	HR110763
rRNA	41	G	145	HR110763
rRNA	41	T	516	HR110763
rRNA	42	A	268	HR110763
rRNA	42	C	346	HR110763
rRNA	42	G	150	HR110763
rRNA	42	T	405	HR110763
tRNA	18	A	1357	HR110763
tRNA	18	C	2075	HR110763
tRNA	18	G	2073	HR110763
tRNA	18	T	1589	HR110763
tRNA	19	A	651	HR110763
tRNA	19	C	912	HR110763
tRNA	19	G	1361	HR110763
tRNA	19	T	2360	HR110763
tRNA	20	A	931	HR110763
tRNA	20	C	2474	HR110763
tRNA	20	G	1596	HR110763
tRNA	20	T	992	HR110763
tRNA	21	A	1844	HR110763
tRNA	21	C	2661	HR110763
tRNA	21	G	1467	HR110763
tRNA	21	T	606	HR110763
tRNA	22	A	861	HR110763
tRNA	22	C	2501	HR110763
tRNA	22	G	1434	HR110763
tRNA	22	T	483	HR110763
tRNA	23	A	560	HR110763
tRNA	23	C	5977	HR110763
tRNA	23	G	1452	HR110763
tRNA	23	T	647	HR110763
tRNA	24	A	458	HR110763
tRNA	24	C	4285	HR110763
tRNA	24	G	1231	HR110763
tRNA	24	T	301	HR110763
tRNA	25	A	59	HR110763
tRNA	25	C	1092	HR110763
tRNA	25	G	2061	HR110763
tRNA	25	T	140	HR110763
tRNA	26	A	22	HR110763
tRNA	26	C	70	HR110763
tRNA	26	G	1654	HR110763
tRNA	26	T	4303	HR110763
tRNA	27	A	34	HR110763
tRNA	27	C	88	HR110763
tRNA	27	G	82	HR110763
tRNA	27	T	531	HR110763
tRNA	28	A	19	HR110763
tRNA	28	C	140	HR110763
tRNA	28	G	282	HR110763
tRNA	28	T	82	HR110763
tRNA	29	A	21	HR110763
tRNA	29	C	143	HR110763
tRNA	29	G	1598	HR110763
tRNA	29	T	95	HR110763
tRNA	30	A	37	HR110763
tRNA	30	C	54	HR110763
tRNA	30	G	706	HR110763
tRNA	30	T	38	HR110763
tRNA	31	A	13	HR110763
tRNA	31	C	37	HR110763
tRNA	31	G	653	HR110763
tRNA	31	T	51	HR110763
tRNA	32	A	4	HR110763
tRNA	32	C	28	HR110763
tRNA	32	G	484	HR110763
tRNA	32	T	35	HR110763
tRNA	33	A	5	HR110763
tRNA	33	C	3	HR110763
tRNA	33	G	170	HR110763
tRNA	33	T	314	HR110763
tRNA	34	A	2	HR110763
tRNA	34	C	3	HR110763
tRNA	34	G	58	HR110763
tRNA	34	T	32	HR110763
tRNA	35	A	4	HR110763
tRNA	35	C	3	HR110763
tRNA	35	G	69	HR110763
tRNA	35	T	23	HR110763
tRNA	36	A	7	HR110763
tRNA	36	G	7	HR110763
tRNA	36	T	26	HR110763
tRNA	37	C	6	HR110763
tRNA	37	G	9	HR110763
tRNA	37	T	2	HR110763
tRNA	38	G	2	HR110763
tRNA	38	T	4	HR110763
tRNA	39	A	14	HR110763
tRNA	39	C	1	HR110763
tRNA	39	T	9	HR110763
tRNA	40	A	5	HR110763
tRNA	40	G	7	HR110763
tRNA	41	A	1	HR110763
tRNA	41	T	2	HR110763
tRNA	42	A	2	HR110763
tRNA	42	T	2	HR110763
Unknown	18	A	57669	HR110763
Unknown	18	C	56477	HR110763
Unknown	18	G	43128	HR110763
Unknown	18	T	78859	HR110763
Unknown	19	A	43300	HR110763
Unknown	19	C	54360	HR110763
Unknown	19	G	46183	HR110763
Unknown	19	T	76614	HR110763
Unknown	20	A	47103	HR110763
Unknown	20	C	46080	HR110763
Unknown	20	G	63030	HR110763
Unknown	20	T	82149	HR110763
Unknown	21	A	43913	HR110763
Unknown	21	C	45425	HR110763
Unknown	21	G	40323	HR110763
Unknown	21	T	63205	HR110763
Unknown	22	A	39230	HR110763
Unknown	22	C	51618	HR110763
Unknown	22	G	33403	HR110763
Unknown	22	T	198662	HR110763
Unknown	23	A	31516	HR110763
Unknown	23	C	30098	HR110763
Unknown	23	G	27383	HR110763
Unknown	23	T	48461	HR110763
Unknown	24	A	20639	HR110763
Unknown	24	C	21969	HR110763
Unknown	24	G	20614	HR110763
Unknown	24	T	54067	HR110763
Unknown	25	A	17392	HR110763
Unknown	25	C	14627	HR110763
Unknown	25	G	17737	HR110763
Unknown	25	T	65526	HR110763
Unknown	26	A	16357	HR110763
Unknown	26	C	28361	HR110763
Unknown	26	G	13903	HR110763
Unknown	26	T	90845	HR110763
Unknown	27	A	19820	HR110763
Unknown	27	C	28987	HR110763
Unknown	27	G	18385	HR110763
Unknown	27	T	139188	HR110763
Unknown	28	A	22456	HR110763
Unknown	28	C	25552	HR110763
Unknown	28	G	16267	HR110763
Unknown	28	T	194252	HR110763
Unknown	29	A	18167	HR110763
Unknown	29	C	16109	HR110763
Unknown	29	G	14200	HR110763
Unknown	29	T	171901	HR110763
Unknown	30	A	13869	HR110763
Unknown	30	C	7867	HR110763
Unknown	30	G	11168	HR110763
Unknown	30	T	63387	HR110763
Unknown	31	A	8041	HR110763
Unknown	31	C	7531	HR110763
Unknown	31	G	7441	HR110763
Unknown	31	T	14962	HR110763
Unknown	32	A	4354	HR110763
Unknown	32	C	8880	HR110763
Unknown	32	G	4495	HR110763
Unknown	32	T	7001	HR110763
Unknown	33	A	9198	HR110763
Unknown	33	C	4815	HR110763
Unknown	33	G	2732	HR110763
Unknown	33	T	4916	HR110763
Unknown	34	A	3709	HR110763
Unknown	34	C	2567	HR110763
Unknown	34	G	1907	HR110763
Unknown	34	T	6041	HR110763
Unknown	35	A	3418	HR110763
Unknown	35	C	1606	HR110763
Unknown	35	G	4082	HR110763
Unknown	35	T	5488	HR110763
Unknown	36	A	2624	HR110763
Unknown	36	C	1774	HR110763
Unknown	36	G	2242	HR110763
Unknown	36	T	6320	HR110763
Unknown	37	A	7893	HR110763
Unknown	37	C	1782	HR110763
Unknown	37	G	1600	HR110763
Unknown	37	T	3117	HR110763
Unknown	38	A	11809	HR110763
Unknown	38	C	3178	HR110763
Unknown	38	G	1543	HR110763
Unknown	38	T	2089	HR110763
Unknown	39	A	7971	HR110763
Unknown	39	C	2056	HR110763
Unknown	39	G	1175	HR110763
Unknown	39	T	3992	HR110763
Unknown	40	A	3812	HR110763
Unknown	40	C	2181	HR110763
Unknown	40	G	1330	HR110763
Unknown	40	T	2281	HR110763
Unknown	41	A	1868	HR110763
Unknown	41	C	1672	HR110763
Unknown	41	G	1068	HR110763
Unknown	41	T	1352	HR110763
Unknown	42	A	2998	HR110763
Unknown	42	C	2025	HR110763
Unknown	42	G	1397	HR110763
Unknown	42	T	1935	HR110763
Artifacts	18	T	4	HR11081
Artifacts	19	C	2	HR11081
Artifacts	22	C	1	HR11081
Artifacts	23	A	1	HR11081
Artifacts	23	T	4	HR11081
Artifacts	24	A	4	HR11081
Artifacts	27	A	1	HR11081
Artifacts	27	T	1	HR11081
Artifacts	29	C	3	HR11081
Artifacts	30	A	2	HR11081
Artifacts	33	A	1	HR11081
Artifacts	34	C	1	HR11081
Artifacts	34	G	1	HR11081
Artifacts	35	A	1	HR11081
Artifacts	35	C	1	HR11081
Artifacts	35	T	1	HR11081
Artifacts	36	A	1	HR11081
Artifacts	36	C	10	HR11081
Artifacts	36	G	1	HR11081
Artifacts	36	T	1	HR11081
Artifacts	37	A	1	HR11081
Artifacts	37	C	14	HR11081
Artifacts	37	G	5	HR11081
Artifacts	37	T	2	HR11081
Artifacts	38	A	7	HR11081
Artifacts	38	C	8	HR11081
Artifacts	38	G	1	HR11081
Artifacts	38	T	6	HR11081
Artifacts	39	A	4	HR11081
Artifacts	39	C	15	HR11081
Artifacts	39	G	11	HR11081
Artifacts	39	T	5	HR11081
Artifacts	40	A	10	HR11081
Artifacts	40	C	5	HR11081
Artifacts	40	G	8	HR11081
Artifacts	40	T	11	HR11081
Artifacts	41	A	8	HR11081
Artifacts	41	C	21	HR11081
Artifacts	41	G	17	HR11081
Artifacts	41	T	5	HR11081
Artifacts	42	A	13	HR11081
Artifacts	42	C	14	HR11081
Artifacts	42	G	23	HR11081
Artifacts	42	T	19	HR11081
miRNAs	18	A	3261	HR11081
miRNAs	18	C	191	HR11081
miRNAs	18	G	361	HR11081
miRNAs	18	T	5702	HR11081
miRNAs	19	A	2093	HR11081
miRNAs	19	C	376	HR11081
miRNAs	19	G	157	HR11081
miRNAs	19	T	1210	HR11081
miRNAs	20	A	723	HR11081
miRNAs	20	C	3609	HR11081
miRNAs	20	G	334	HR11081
miRNAs	20	T	5315	HR11081
miRNAs	21	A	7648	HR11081
miRNAs	21	C	19795	HR11081
miRNAs	21	G	1051	HR11081
miRNAs	21	T	115010	HR11081
miRNAs	22	A	51589	HR11081
miRNAs	22	C	49734	HR11081
miRNAs	22	G	3347	HR11081
miRNAs	22	T	409255	HR11081
miRNAs	23	A	17887	HR11081
miRNAs	23	C	7068	HR11081
miRNAs	23	G	492	HR11081
miRNAs	23	T	265942	HR11081
miRNAs	24	A	12371	HR11081
miRNAs	24	C	9365	HR11081
miRNAs	24	G	67	HR11081
miRNAs	24	T	55843	HR11081
miRNAs	25	A	678	HR11081
miRNAs	25	C	149	HR11081
miRNAs	25	G	6	HR11081
miRNAs	25	T	580	HR11081
miRNAs	26	A	30	HR11081
miRNAs	26	C	27	HR11081
miRNAs	26	G	1	HR11081
miRNAs	26	T	17	HR11081
miRNAs	27	C	3	HR11081
miRNAs	27	G	1	HR11081
miRNAs	27	T	4	HR11081
miRNAs	28	G	1	HR11081
miRNAs	28	T	1	HR11081
miRNAs	29	A	1	HR11081
miRNAs	29	C	1	HR11081
miRNAs	29	G	1	HR11081
miRNAs	29	T	1	HR11081
rRNA	18	A	28152	HR11081
rRNA	18	C	23417	HR11081
rRNA	18	G	12199	HR11081
rRNA	18	T	51139	HR11081
rRNA	19	A	33234	HR11081
rRNA	19	C	19475	HR11081
rRNA	19	G	10877	HR11081
rRNA	19	T	32403	HR11081
rRNA	20	A	18850	HR11081
rRNA	20	C	16193	HR11081
rRNA	20	G	11724	HR11081
rRNA	20	T	13407	HR11081
rRNA	21	A	13189	HR11081
rRNA	21	C	8857	HR11081
rRNA	21	G	9043	HR11081
rRNA	21	T	114162	HR11081
rRNA	22	A	8842	HR11081
rRNA	22	C	6517	HR11081
rRNA	22	G	5035	HR11081
rRNA	22	T	8711	HR11081
rRNA	23	A	5484	HR11081
rRNA	23	C	4834	HR11081
rRNA	23	G	4283	HR11081
rRNA	23	T	3792	HR11081
rRNA	24	A	3165	HR11081
rRNA	24	C	3198	HR11081
rRNA	24	G	2095	HR11081
rRNA	24	T	2107	HR11081
rRNA	25	A	2499	HR11081
rRNA	25	C	2089	HR11081
rRNA	25	G	1090	HR11081
rRNA	25	T	1306	HR11081
rRNA	26	A	1151	HR11081
rRNA	26	C	1611	HR11081
rRNA	26	G	854	HR11081
rRNA	26	T	917	HR11081
rRNA	27	A	603	HR11081
rRNA	27	C	678	HR11081
rRNA	27	G	640	HR11081
rRNA	27	T	617	HR11081
rRNA	28	A	609	HR11081
rRNA	28	C	831	HR11081
rRNA	28	G	413	HR11081
rRNA	28	T	376	HR11081
rRNA	29	A	259	HR11081
rRNA	29	C	586	HR11081
rRNA	29	G	303	HR11081
rRNA	29	T	187	HR11081
rRNA	30	A	150	HR11081
rRNA	30	C	597	HR11081
rRNA	30	G	250	HR11081
rRNA	30	T	206	HR11081
rRNA	31	A	141	HR11081
rRNA	31	C	911	HR11081
rRNA	31	G	230	HR11081
rRNA	31	T	144	HR11081
rRNA	32	A	89	HR11081
rRNA	32	C	232	HR11081
rRNA	32	G	115	HR11081
rRNA	32	T	100	HR11081
rRNA	33	A	82	HR11081
rRNA	33	C	26	HR11081
rRNA	33	G	53	HR11081
rRNA	33	T	27	HR11081
rRNA	34	A	30	HR11081
rRNA	34	C	46	HR11081
rRNA	34	G	37	HR11081
rRNA	34	T	19	HR11081
rRNA	35	A	22	HR11081
rRNA	35	C	61	HR11081
rRNA	35	G	3	HR11081
rRNA	35	T	17	HR11081
rRNA	36	A	16	HR11081
rRNA	36	C	68	HR11081
rRNA	36	G	10	HR11081
rRNA	36	T	15	HR11081
rRNA	37	A	14	HR11081
rRNA	37	C	21	HR11081
rRNA	37	G	10	HR11081
rRNA	37	T	17	HR11081
rRNA	38	A	11	HR11081
rRNA	38	C	17	HR11081
rRNA	38	G	8	HR11081
rRNA	38	T	14	HR11081
rRNA	39	A	14	HR11081
rRNA	39	C	11	HR11081
rRNA	39	G	10	HR11081
rRNA	39	T	8	HR11081
rRNA	40	A	13	HR11081
rRNA	40	C	14	HR11081
rRNA	40	G	15	HR11081
rRNA	40	T	9	HR11081
rRNA	41	A	10	HR11081
rRNA	41	C	17	HR11081
rRNA	41	G	11	HR11081
rRNA	41	T	40	HR11081
rRNA	42	A	16	HR11081
rRNA	42	C	9	HR11081
rRNA	42	G	4	HR11081
rRNA	42	T	7	HR11081
tRNA	18	A	1012	HR11081
tRNA	18	C	1337	HR11081
tRNA	18	G	1280	HR11081
tRNA	18	T	922	HR11081
tRNA	19	A	464	HR11081
tRNA	19	C	629	HR11081
tRNA	19	G	831	HR11081
tRNA	19	T	1082	HR11081
tRNA	20	A	870	HR11081
tRNA	20	C	1579	HR11081
tRNA	20	G	1030	HR11081
tRNA	20	T	428	HR11081
tRNA	21	A	890	HR11081
tRNA	21	C	963	HR11081
tRNA	21	G	575	HR11081
tRNA	21	T	284	HR11081
tRNA	22	A	537	HR11081
tRNA	22	C	593	HR11081
tRNA	22	G	538	HR11081
tRNA	22	T	230	HR11081
tRNA	23	A	131	HR11081
tRNA	23	C	2235	HR11081
tRNA	23	G	343	HR11081
tRNA	23	T	300	HR11081
tRNA	24	A	226	HR11081
tRNA	24	C	1125	HR11081
tRNA	24	G	210	HR11081
tRNA	24	T	135	HR11081
tRNA	25	A	26	HR11081
tRNA	25	C	344	HR11081
tRNA	25	G	393	HR11081
tRNA	25	T	44	HR11081
tRNA	26	A	11	HR11081
tRNA	26	C	24	HR11081
tRNA	26	G	509	HR11081
tRNA	26	T	507	HR11081
tRNA	27	A	3	HR11081
tRNA	27	C	45	HR11081
tRNA	27	G	32	HR11081
tRNA	27	T	73	HR11081
tRNA	28	A	3	HR11081
tRNA	28	C	78	HR11081
tRNA	28	G	74	HR11081
tRNA	28	T	22	HR11081
tRNA	29	A	4	HR11081
tRNA	29	C	53	HR11081
tRNA	29	G	52	HR11081
tRNA	29	T	19	HR11081
tRNA	30	A	10	HR11081
tRNA	30	C	30	HR11081
tRNA	30	G	140	HR11081
tRNA	30	T	11	HR11081
tRNA	31	C	23	HR11081
tRNA	31	G	291	HR11081
tRNA	31	T	23	HR11081
tRNA	32	A	2	HR11081
tRNA	32	C	20	HR11081
tRNA	32	G	284	HR11081
tRNA	32	T	45	HR11081
tRNA	33	A	1	HR11081
tRNA	33	C	1	HR11081
tRNA	33	G	69	HR11081
tRNA	33	T	177	HR11081
tRNA	34	C	1	HR11081
tRNA	34	G	46	HR11081
tRNA	34	T	13	HR11081
tRNA	35	G	55	HR11081
tRNA	35	T	25	HR11081
tRNA	36	A	2	HR11081
tRNA	36	G	7	HR11081
tRNA	36	T	19	HR11081
tRNA	37	C	2	HR11081
tRNA	37	G	2	HR11081
tRNA	38	G	1	HR11081
tRNA	39	A	1	HR11081
tRNA	39	T	1	HR11081
tRNA	41	A	1	HR11081
Unknown	18	A	41084	HR11081
Unknown	18	C	32503	HR11081
Unknown	18	G	37300	HR11081
Unknown	18	T	54981	HR11081
Unknown	19	A	28491	HR11081
Unknown	19	C	27572	HR11081
Unknown	19	G	29214	HR11081
Unknown	19	T	53827	HR11081
Unknown	20	A	24601	HR11081
Unknown	20	C	25869	HR11081
Unknown	20	G	26987	HR11081
Unknown	20	T	32662	HR11081
Unknown	21	A	29833	HR11081
Unknown	21	C	22757	HR11081
Unknown	21	G	18622	HR11081
Unknown	21	T	28324	HR11081
Unknown	22	A	22270	HR11081
Unknown	22	C	29595	HR11081
Unknown	22	G	17446	HR11081
Unknown	22	T	80553	HR11081
Unknown	23	A	15601	HR11081
Unknown	23	C	12747	HR11081
Unknown	23	G	10659	HR11081
Unknown	23	T	25862	HR11081
Unknown	24	A	8302	HR11081
Unknown	24	C	7898	HR11081
Unknown	24	G	10657	HR11081
Unknown	24	T	28762	HR11081
Unknown	25	A	6765	HR11081
Unknown	25	C	5008	HR11081
Unknown	25	G	6297	HR11081
Unknown	25	T	21628	HR11081
Unknown	26	A	4038	HR11081
Unknown	26	C	6484	HR11081
Unknown	26	G	4105	HR11081
Unknown	26	T	23195	HR11081
Unknown	27	A	2649	HR11081
Unknown	27	C	4368	HR11081
Unknown	27	G	3670	HR11081
Unknown	27	T	25230	HR11081
Unknown	28	A	2867	HR11081
Unknown	28	C	2653	HR11081
Unknown	28	G	2959	HR11081
Unknown	28	T	25974	HR11081
Unknown	29	A	2021	HR11081
Unknown	29	C	1681	HR11081
Unknown	29	G	2106	HR11081
Unknown	29	T	17544	HR11081
Unknown	30	A	1069	HR11081
Unknown	30	C	856	HR11081
Unknown	30	G	4573	HR11081
Unknown	30	T	5394	HR11081
Unknown	31	A	352	HR11081
Unknown	31	C	457	HR11081
Unknown	31	G	915	HR11081
Unknown	31	T	1199	HR11081
Unknown	32	A	188	HR11081
Unknown	32	C	410	HR11081
Unknown	32	G	324	HR11081
Unknown	32	T	567	HR11081
Unknown	33	A	283	HR11081
Unknown	33	C	184	HR11081
Unknown	33	G	138	HR11081
Unknown	33	T	202	HR11081
Unknown	34	A	97	HR11081
Unknown	34	C	90	HR11081
Unknown	34	G	87	HR11081
Unknown	34	T	155	HR11081
Unknown	35	A	94	HR11081
Unknown	35	C	46	HR11081
Unknown	35	G	70	HR11081
Unknown	35	T	119	HR11081
Unknown	36	A	68	HR11081
Unknown	36	C	69	HR11081
Unknown	36	G	47	HR11081
Unknown	36	T	236	HR11081
Unknown	37	A	107	HR11081
Unknown	37	C	74	HR11081
Unknown	37	G	46	HR11081
Unknown	37	T	70	HR11081
Unknown	38	A	103	HR11081
Unknown	38	C	55	HR11081
Unknown	38	G	34	HR11081
Unknown	38	T	62	HR11081
Unknown	39	A	86	HR11081
Unknown	39	C	63	HR11081
Unknown	39	G	27	HR11081
Unknown	39	T	112	HR11081
Unknown	40	A	67	HR11081
Unknown	40	C	50	HR11081
Unknown	40	G	35	HR11081
Unknown	40	T	56	HR11081
Unknown	41	A	43	HR11081
Unknown	41	C	65	HR11081
Unknown	41	G	43	HR11081
Unknown	41	T	45	HR11081
Unknown	42	A	89	HR11081
Unknown	42	C	81	HR11081
Unknown	42	G	78	HR11081
Unknown	42	T	66	HR11081
Artifacts	18	T	1	HR11082
Artifacts	22	C	1	HR11082
Artifacts	23	C	1	HR11082
Artifacts	24	A	6	HR11082
Artifacts	24	G	1	HR11082
Artifacts	26	A	2	HR11082
Artifacts	29	C	1	HR11082
Artifacts	31	A	2	HR11082
Artifacts	33	A	1	HR11082
Artifacts	34	C	3	HR11082
Artifacts	34	T	1	HR11082
Artifacts	35	C	3	HR11082
Artifacts	36	A	2	HR11082
Artifacts	36	C	15	HR11082
Artifacts	36	G	3	HR11082
Artifacts	36	T	1	HR11082
Artifacts	37	A	5	HR11082
Artifacts	37	C	11	HR11082
Artifacts	37	G	5	HR11082
Artifacts	37	T	8	HR11082
Artifacts	38	A	7	HR11082
Artifacts	38	C	14	HR11082
Artifacts	38	G	17	HR11082
Artifacts	38	T	8	HR11082
Artifacts	39	A	6	HR11082
Artifacts	39	C	17	HR11082
Artifacts	39	G	9	HR11082
Artifacts	39	T	12	HR11082
Artifacts	40	A	6	HR11082
Artifacts	40	C	22	HR11082
Artifacts	40	G	15	HR11082
Artifacts	40	T	6	HR11082
Artifacts	41	A	10	HR11082
Artifacts	41	C	16	HR11082
Artifacts	41	G	14	HR11082
Artifacts	41	T	15	HR11082
Artifacts	42	A	21	HR11082
Artifacts	42	C	26	HR11082
Artifacts	42	G	19	HR11082
Artifacts	42	T	16	HR11082
miRNAs	18	A	542	HR11082
miRNAs	18	C	33	HR11082
miRNAs	18	G	53	HR11082
miRNAs	18	T	995	HR11082
miRNAs	19	A	173	HR11082
miRNAs	19	C	53	HR11082
miRNAs	19	G	10	HR11082
miRNAs	19	T	169	HR11082
miRNAs	20	A	71	HR11082
miRNAs	20	C	165	HR11082
miRNAs	20	G	23	HR11082
miRNAs	20	T	494	HR11082
miRNAs	21	A	545	HR11082
miRNAs	21	C	757	HR11082
miRNAs	21	G	101	HR11082
miRNAs	21	T	5250	HR11082
miRNAs	22	A	3137	HR11082
miRNAs	22	C	2191	HR11082
miRNAs	22	G	179	HR11082
miRNAs	22	T	20251	HR11082
miRNAs	23	A	1266	HR11082
miRNAs	23	C	336	HR11082
miRNAs	23	G	44	HR11082
miRNAs	23	T	13424	HR11082
miRNAs	24	A	1097	HR11082
miRNAs	24	C	565	HR11082
miRNAs	24	G	18	HR11082
miRNAs	24	T	3398	HR11082
miRNAs	25	A	92	HR11082
miRNAs	25	C	15	HR11082
miRNAs	25	G	1	HR11082
miRNAs	25	T	62	HR11082
miRNAs	26	A	11	HR11082
miRNAs	26	C	3	HR11082
miRNAs	26	G	1	HR11082
miRNAs	26	T	2	HR11082
miRNAs	27	A	1	HR11082
miRNAs	27	C	5	HR11082
miRNAs	27	T	4	HR11082
miRNAs	28	A	7	HR11082
miRNAs	28	C	2	HR11082
miRNAs	28	T	3	HR11082
miRNAs	29	C	1	HR11082
miRNAs	29	G	2	HR11082
miRNAs	30	C	1	HR11082
miRNAs	34	G	1	HR11082
miRNAs	40	C	1	HR11082
rRNA	18	A	4871	HR11082
rRNA	18	C	3743	HR11082
rRNA	18	G	2443	HR11082
rRNA	18	T	7890	HR11082
rRNA	19	A	3341	HR11082
rRNA	19	C	1870	HR11082
rRNA	19	G	1259	HR11082
rRNA	19	T	2777	HR11082
rRNA	20	A	1529	HR11082
rRNA	20	C	2191	HR11082
rRNA	20	G	1060	HR11082
rRNA	20	T	1042	HR11082
rRNA	21	A	1020	HR11082
rRNA	21	C	740	HR11082
rRNA	21	G	756	HR11082
rRNA	21	T	6394	HR11082
rRNA	22	A	692	HR11082
rRNA	22	C	654	HR11082
rRNA	22	G	644	HR11082
rRNA	22	T	706	HR11082
rRNA	23	A	552	HR11082
rRNA	23	C	702	HR11082
rRNA	23	G	537	HR11082
rRNA	23	T	453	HR11082
rRNA	24	A	457	HR11082
rRNA	24	C	1066	HR11082
rRNA	24	G	434	HR11082
rRNA	24	T	490	HR11082
rRNA	25	A	416	HR11082
rRNA	25	C	1033	HR11082
rRNA	25	G	313	HR11082
rRNA	25	T	410	HR11082
rRNA	26	A	374	HR11082
rRNA	26	C	1130	HR11082
rRNA	26	G	377	HR11082
rRNA	26	T	329	HR11082
rRNA	27	A	289	HR11082
rRNA	27	C	477	HR11082
rRNA	27	G	429	HR11082
rRNA	27	T	372	HR11082
rRNA	28	A	398	HR11082
rRNA	28	C	931	HR11082
rRNA	28	G	400	HR11082
rRNA	28	T	238	HR11082
rRNA	29	A	160	HR11082
rRNA	29	C	600	HR11082
rRNA	29	G	271	HR11082
rRNA	29	T	143	HR11082
rRNA	30	A	114	HR11082
rRNA	30	C	730	HR11082
rRNA	30	G	258	HR11082
rRNA	30	T	189	HR11082
rRNA	31	A	90	HR11082
rRNA	31	C	1145	HR11082
rRNA	31	G	286	HR11082
rRNA	31	T	111	HR11082
rRNA	32	A	48	HR11082
rRNA	32	C	249	HR11082
rRNA	32	G	116	HR11082
rRNA	32	T	101	HR11082
rRNA	33	A	88	HR11082
rRNA	33	C	49	HR11082
rRNA	33	G	52	HR11082
rRNA	33	T	21	HR11082
rRNA	34	A	24	HR11082
rRNA	34	C	42	HR11082
rRNA	34	G	33	HR11082
rRNA	34	T	15	HR11082
rRNA	35	A	33	HR11082
rRNA	35	C	69	HR11082
rRNA	35	G	15	HR11082
rRNA	35	T	16	HR11082
rRNA	36	A	26	HR11082
rRNA	36	C	76	HR11082
rRNA	36	G	12	HR11082
rRNA	36	T	10	HR11082
rRNA	37	A	8	HR11082
rRNA	37	C	19	HR11082
rRNA	37	G	7	HR11082
rRNA	37	T	23	HR11082
rRNA	38	A	10	HR11082
rRNA	38	C	9	HR11082
rRNA	38	G	9	HR11082
rRNA	38	T	10	HR11082
rRNA	39	A	22	HR11082
rRNA	39	C	12	HR11082
rRNA	39	G	13	HR11082
rRNA	39	T	7	HR11082
rRNA	40	A	9	HR11082
rRNA	40	C	21	HR11082
rRNA	40	G	5	HR11082
rRNA	40	T	8	HR11082
rRNA	41	A	20	HR11082
rRNA	41	C	25	HR11082
rRNA	41	G	22	HR11082
rRNA	41	T	58	HR11082
rRNA	42	A	26	HR11082
rRNA	42	C	17	HR11082
rRNA	42	G	6	HR11082
rRNA	42	T	14	HR11082
tRNA	18	A	107	HR11082
tRNA	18	C	87	HR11082
tRNA	18	G	245	HR11082
tRNA	18	T	125	HR11082
tRNA	19	A	28	HR11082
tRNA	19	C	44	HR11082
tRNA	19	G	105	HR11082
tRNA	19	T	66	HR11082
tRNA	20	A	64	HR11082
tRNA	20	C	85	HR11082
tRNA	20	G	90	HR11082
tRNA	20	T	18	HR11082
tRNA	21	A	42	HR11082
tRNA	21	C	49	HR11082
tRNA	21	G	69	HR11082
tRNA	21	T	20	HR11082
tRNA	22	A	26	HR11082
tRNA	22	C	34	HR11082
tRNA	22	G	61	HR11082
tRNA	22	T	16	HR11082
tRNA	23	A	11	HR11082
tRNA	23	C	99	HR11082
tRNA	23	G	50	HR11082
tRNA	23	T	18	HR11082
tRNA	24	A	66	HR11082
tRNA	24	C	74	HR11082
tRNA	24	G	19	HR11082
tRNA	24	T	10	HR11082
tRNA	25	A	10	HR11082
tRNA	25	C	41	HR11082
tRNA	25	G	36	HR11082
tRNA	25	T	10	HR11082
tRNA	26	A	5	HR11082
tRNA	26	C	16	HR11082
tRNA	26	G	100	HR11082
tRNA	26	T	63	HR11082
tRNA	27	A	4	HR11082
tRNA	27	C	49	HR11082
tRNA	27	G	22	HR11082
tRNA	27	T	28	HR11082
tRNA	28	A	4	HR11082
tRNA	28	C	102	HR11082
tRNA	28	G	58	HR11082
tRNA	28	T	19	HR11082
tRNA	29	A	7	HR11082
tRNA	29	C	57	HR11082
tRNA	29	G	45	HR11082
tRNA	29	T	34	HR11082
tRNA	30	A	9	HR11082
tRNA	30	C	29	HR11082
tRNA	30	G	135	HR11082
tRNA	30	T	26	HR11082
tRNA	31	A	1	HR11082
tRNA	31	C	37	HR11082
tRNA	31	G	372	HR11082
tRNA	31	T	30	HR11082
tRNA	32	A	3	HR11082
tRNA	32	C	32	HR11082
tRNA	32	G	422	HR11082
tRNA	32	T	48	HR11082
tRNA	33	A	1	HR11082
tRNA	33	C	4	HR11082
tRNA	33	G	103	HR11082
tRNA	33	T	189	HR11082
tRNA	34	A	1	HR11082
tRNA	34	G	46	HR11082
tRNA	34	T	21	HR11082
tRNA	35	G	81	HR11082
tRNA	35	T	25	HR11082
tRNA	36	A	1	HR11082
tRNA	36	C	1	HR11082
tRNA	36	G	7	HR11082
tRNA	36	T	31	HR11082
tRNA	37	G	2	HR11082
tRNA	38	G	2	HR11082
tRNA	39	A	1	HR11082
tRNA	39	T	2	HR11082
tRNA	40	G	1	HR11082
tRNA	40	T	1	HR11082
tRNA	41	A	1	HR11082
tRNA	41	T	1	HR11082
tRNA	42	G	2	HR11082
Unknown	18	A	6467	HR11082
Unknown	18	C	6586	HR11082
Unknown	18	G	7942	HR11082
Unknown	18	T	8328	HR11082
Unknown	19	A	2441	HR11082
Unknown	19	C	2886	HR11082
Unknown	19	G	3592	HR11082
Unknown	19	T	4144	HR11082
Unknown	20	A	1816	HR11082
Unknown	20	C	1936	HR11082
Unknown	20	G	2439	HR11082
Unknown	20	T	2238	HR11082
Unknown	21	A	2041	HR11082
Unknown	21	C	1864	HR11082
Unknown	21	G	1711	HR11082
Unknown	21	T	2146	HR11082
Unknown	22	A	1813	HR11082
Unknown	22	C	1794	HR11082
Unknown	22	G	1203	HR11082
Unknown	22	T	4089	HR11082
Unknown	23	A	1172	HR11082
Unknown	23	C	1128	HR11082
Unknown	23	G	1020	HR11082
Unknown	23	T	1723	HR11082
Unknown	24	A	1433	HR11082
Unknown	24	C	1045	HR11082
Unknown	24	G	935	HR11082
Unknown	24	T	2292	HR11082
Unknown	25	A	842	HR11082
Unknown	25	C	632	HR11082
Unknown	25	G	720	HR11082
Unknown	25	T	1684	HR11082
Unknown	26	A	640	HR11082
Unknown	26	C	1033	HR11082
Unknown	26	G	585	HR11082
Unknown	26	T	2246	HR11082
Unknown	27	A	626	HR11082
Unknown	27	C	912	HR11082
Unknown	27	G	596	HR11082
Unknown	27	T	3001	HR11082
Unknown	28	A	800	HR11082
Unknown	28	C	945	HR11082
Unknown	28	G	696	HR11082
Unknown	28	T	3920	HR11082
Unknown	29	A	978	HR11082
Unknown	29	C	825	HR11082
Unknown	29	G	879	HR11082
Unknown	29	T	3195	HR11082
Unknown	30	A	619	HR11082
Unknown	30	C	420	HR11082
Unknown	30	G	929	HR11082
Unknown	30	T	1284	HR11082
Unknown	31	A	180	HR11082
Unknown	31	C	180	HR11082
Unknown	31	G	321	HR11082
Unknown	31	T	401	HR11082
Unknown	32	A	105	HR11082
Unknown	32	C	127	HR11082
Unknown	32	G	302	HR11082
Unknown	32	T	263	HR11082
Unknown	33	A	160	HR11082
Unknown	33	C	56	HR11082
Unknown	33	G	149	HR11082
Unknown	33	T	121	HR11082
Unknown	34	A	70	HR11082
Unknown	34	C	59	HR11082
Unknown	34	G	60	HR11082
Unknown	34	T	106	HR11082
Unknown	35	A	58	HR11082
Unknown	35	C	42	HR11082
Unknown	35	G	51	HR11082
Unknown	35	T	109	HR11082
Unknown	36	A	52	HR11082
Unknown	36	C	44	HR11082
Unknown	36	G	52	HR11082
Unknown	36	T	97	HR11082
Unknown	37	A	85	HR11082
Unknown	37	C	72	HR11082
Unknown	37	G	36	HR11082
Unknown	37	T	72	HR11082
Unknown	38	A	144	HR11082
Unknown	38	C	55	HR11082
Unknown	38	G	48	HR11082
Unknown	38	T	58	HR11082
Unknown	39	A	97	HR11082
Unknown	39	C	58	HR11082
Unknown	39	G	46	HR11082
Unknown	39	T	72	HR11082
Unknown	40	A	63	HR11082
Unknown	40	C	60	HR11082
Unknown	40	G	39	HR11082
Unknown	40	T	63	HR11082
Unknown	41	A	46	HR11082
Unknown	41	C	133	HR11082
Unknown	41	G	54	HR11082
Unknown	41	T	95	HR11082
Unknown	42	A	223	HR11082
Unknown	42	C	174	HR11082
Unknown	42	G	107	HR11082
Unknown	42	T	212	HR11082
Artifacts	18	A	1	HR11083
Artifacts	18	T	13	HR11083
Artifacts	19	C	6	HR11083
Artifacts	19	T	10	HR11083
Artifacts	20	G	2	HR11083
Artifacts	20	T	3	HR11083
Artifacts	22	C	2	HR11083
Artifacts	22	T	1	HR11083
Artifacts	23	A	1	HR11083
Artifacts	23	T	1	HR11083
Artifacts	24	A	4	HR11083
Artifacts	25	A	1	HR11083
Artifacts	25	T	1	HR11083
Artifacts	26	C	1	HR11083
Artifacts	27	A	1	HR11083
Artifacts	27	G	1	HR11083
Artifacts	28	G	1	HR11083
Artifacts	29	C	6	HR11083
Artifacts	31	A	1	HR11083
Artifacts	31	C	2	HR11083
Artifacts	32	A	1	HR11083
Artifacts	33	G	1	HR11083
Artifacts	34	C	1	HR11083
Artifacts	34	G	1	HR11083
Artifacts	35	C	4	HR11083
Artifacts	36	A	2	HR11083
Artifacts	36	C	14	HR11083
Artifacts	36	G	1	HR11083
Artifacts	36	T	4	HR11083
Artifacts	37	A	3	HR11083
Artifacts	37	C	30	HR11083
Artifacts	37	G	5	HR11083
Artifacts	37	T	5	HR11083
Artifacts	38	A	5	HR11083
Artifacts	38	C	19	HR11083
Artifacts	38	G	12	HR11083
Artifacts	38	T	7	HR11083
Artifacts	39	A	11	HR11083
Artifacts	39	C	20	HR11083
Artifacts	39	G	10	HR11083
Artifacts	39	T	1	HR11083
Artifacts	40	A	7	HR11083
Artifacts	40	C	25	HR11083
Artifacts	40	G	21	HR11083
Artifacts	40	T	12	HR11083
Artifacts	41	A	12	HR11083
Artifacts	41	C	30	HR11083
Artifacts	41	G	31	HR11083
Artifacts	41	T	20	HR11083
Artifacts	42	A	12	HR11083
Artifacts	42	C	37	HR11083
Artifacts	42	G	39	HR11083
Artifacts	42	T	18	HR11083
miRNAs	18	A	10250	HR11083
miRNAs	18	C	377	HR11083
miRNAs	18	G	1039	HR11083
miRNAs	18	T	17863	HR11083
miRNAs	19	A	4002	HR11083
miRNAs	19	C	773	HR11083
miRNAs	19	G	338	HR11083
miRNAs	19	T	2589	HR11083
miRNAs	20	A	1738	HR11083
miRNAs	20	C	6458	HR11083
miRNAs	20	G	624	HR11083
miRNAs	20	T	10144	HR11083
miRNAs	21	A	11646	HR11083
miRNAs	21	C	31281	HR11083
miRNAs	21	G	1225	HR11083
miRNAs	21	T	176157	HR11083
miRNAs	22	A	85281	HR11083
miRNAs	22	C	55029	HR11083
miRNAs	22	G	4100	HR11083
miRNAs	22	T	567996	HR11083
miRNAs	23	A	19582	HR11083
miRNAs	23	C	7392	HR11083
miRNAs	23	G	353	HR11083
miRNAs	23	T	270390	HR11083
miRNAs	24	A	12731	HR11083
miRNAs	24	C	6623	HR11083
miRNAs	24	G	53	HR11083
miRNAs	24	T	42584	HR11083
miRNAs	25	A	897	HR11083
miRNAs	25	C	130	HR11083
miRNAs	25	G	6	HR11083
miRNAs	25	T	546	HR11083
miRNAs	26	A	38	HR11083
miRNAs	26	C	25	HR11083
miRNAs	26	G	4	HR11083
miRNAs	26	T	28	HR11083
miRNAs	27	A	6	HR11083
miRNAs	27	C	9	HR11083
miRNAs	27	G	5	HR11083
miRNAs	27	T	11	HR11083
miRNAs	28	A	3	HR11083
miRNAs	28	C	5	HR11083
miRNAs	28	G	3	HR11083
miRNAs	28	T	4	HR11083
miRNAs	29	A	2	HR11083
miRNAs	29	C	4	HR11083
miRNAs	29	G	1	HR11083
miRNAs	29	T	3	HR11083
miRNAs	30	A	3	HR11083
miRNAs	30	C	2	HR11083
miRNAs	30	G	1	HR11083
miRNAs	30	T	1	HR11083
miRNAs	31	C	2	HR11083
miRNAs	32	A	1	HR11083
miRNAs	32	C	3	HR11083
miRNAs	32	G	2	HR11083
miRNAs	33	A	1	HR11083
miRNAs	33	C	3	HR11083
miRNAs	34	C	1	HR11083
miRNAs	34	G	3	HR11083
miRNAs	34	T	1	HR11083
miRNAs	35	T	1	HR11083
miRNAs	37	G	1	HR11083
miRNAs	41	G	1	HR11083
rRNA	18	A	82066	HR11083
rRNA	18	C	62302	HR11083
rRNA	18	G	36351	HR11083
rRNA	18	T	105361	HR11083
rRNA	19	A	70103	HR11083
rRNA	19	C	49458	HR11083
rRNA	19	G	32063	HR11083
rRNA	19	T	78291	HR11083
rRNA	20	A	41337	HR11083
rRNA	20	C	34354	HR11083
rRNA	20	G	28257	HR11083
rRNA	20	T	28990	HR11083
rRNA	21	A	24779	HR11083
rRNA	21	C	18403	HR11083
rRNA	21	G	17482	HR11083
rRNA	21	T	186756	HR11083
rRNA	22	A	13866	HR11083
rRNA	22	C	10509	HR11083
rRNA	22	G	8271	HR11083
rRNA	22	T	12988	HR11083
rRNA	23	A	6759	HR11083
rRNA	23	C	6121	HR11083
rRNA	23	G	5386	HR11083
rRNA	23	T	4944	HR11083
rRNA	24	A	3139	HR11083
rRNA	24	C	3590	HR11083
rRNA	24	G	2414	HR11083
rRNA	24	T	2434	HR11083
rRNA	25	A	2395	HR11083
rRNA	25	C	1976	HR11083
rRNA	25	G	1469	HR11083
rRNA	25	T	1439	HR11083
rRNA	26	A	1654	HR11083
rRNA	26	C	1933	HR11083
rRNA	26	G	1265	HR11083
rRNA	26	T	1134	HR11083
rRNA	27	A	1043	HR11083
rRNA	27	C	1157	HR11083
rRNA	27	G	1201	HR11083
rRNA	27	T	957	HR11083
rRNA	28	A	1072	HR11083
rRNA	28	C	1901	HR11083
rRNA	28	G	743	HR11083
rRNA	28	T	704	HR11083
rRNA	29	A	647	HR11083
rRNA	29	C	1006	HR11083
rRNA	29	G	669	HR11083
rRNA	29	T	400	HR11083
rRNA	30	A	498	HR11083
rRNA	30	C	692	HR11083
rRNA	30	G	491	HR11083
rRNA	30	T	478	HR11083
rRNA	31	A	335	HR11083
rRNA	31	C	1168	HR11083
rRNA	31	G	600	HR11083
rRNA	31	T	271	HR11083
rRNA	32	A	226	HR11083
rRNA	32	C	531	HR11083
rRNA	32	G	260	HR11083
rRNA	32	T	199	HR11083
rRNA	33	A	422	HR11083
rRNA	33	C	204	HR11083
rRNA	33	G	228	HR11083
rRNA	33	T	136	HR11083
rRNA	34	A	131	HR11083
rRNA	34	C	197	HR11083
rRNA	34	G	133	HR11083
rRNA	34	T	125	HR11083
rRNA	35	A	76	HR11083
rRNA	35	C	148	HR11083
rRNA	35	G	72	HR11083
rRNA	35	T	60	HR11083
rRNA	36	A	69	HR11083
rRNA	36	C	83	HR11083
rRNA	36	G	26	HR11083
rRNA	36	T	33	HR11083
rRNA	37	A	29	HR11083
rRNA	37	C	81	HR11083
rRNA	37	G	30	HR11083
rRNA	37	T	35	HR11083
rRNA	38	A	48	HR11083
rRNA	38	C	20	HR11083
rRNA	38	G	17	HR11083
rRNA	38	T	21	HR11083
rRNA	39	A	43	HR11083
rRNA	39	C	21	HR11083
rRNA	39	G	29	HR11083
rRNA	39	T	30	HR11083
rRNA	40	A	25	HR11083
rRNA	40	C	11	HR11083
rRNA	40	G	15	HR11083
rRNA	40	T	30	HR11083
rRNA	41	A	45	HR11083
rRNA	41	C	40	HR11083
rRNA	41	G	19	HR11083
rRNA	41	T	43	HR11083
rRNA	42	A	67	HR11083
rRNA	42	C	110	HR11083
rRNA	42	G	20	HR11083
rRNA	42	T	43	HR11083
tRNA	18	A	1876	HR11083
tRNA	18	C	2679	HR11083
tRNA	18	G	2878	HR11083
tRNA	18	T	1984	HR11083
tRNA	19	A	677	HR11083
tRNA	19	C	801	HR11083
tRNA	19	G	1454	HR11083
tRNA	19	T	1976	HR11083
tRNA	20	A	986	HR11083
tRNA	20	C	2936	HR11083
tRNA	20	G	1762	HR11083
tRNA	20	T	700	HR11083
tRNA	21	A	875	HR11083
tRNA	21	C	1030	HR11083
tRNA	21	G	718	HR11083
tRNA	21	T	363	HR11083
tRNA	22	A	352	HR11083
tRNA	22	C	659	HR11083
tRNA	22	G	629	HR11083
tRNA	22	T	223	HR11083
tRNA	23	A	136	HR11083
tRNA	23	C	1608	HR11083
tRNA	23	G	425	HR11083
tRNA	23	T	246	HR11083
tRNA	24	A	357	HR11083
tRNA	24	C	630	HR11083
tRNA	24	G	182	HR11083
tRNA	24	T	86	HR11083
tRNA	25	A	49	HR11083
tRNA	25	C	202	HR11083
tRNA	25	G	228	HR11083
tRNA	25	T	48	HR11083
tRNA	26	A	27	HR11083
tRNA	26	C	39	HR11083
tRNA	26	G	504	HR11083
tRNA	26	T	554	HR11083
tRNA	27	A	21	HR11083
tRNA	27	C	65	HR11083
tRNA	27	G	70	HR11083
tRNA	27	T	232	HR11083
tRNA	28	A	11	HR11083
tRNA	28	C	251	HR11083
tRNA	28	G	124	HR11083
tRNA	28	T	52	HR11083
tRNA	29	A	14	HR11083
tRNA	29	C	104	HR11083
tRNA	29	G	187	HR11083
tRNA	29	T	99	HR11083
tRNA	30	A	24	HR11083
tRNA	30	C	64	HR11083
tRNA	30	G	332	HR11083
tRNA	30	T	75	HR11083
tRNA	31	A	4	HR11083
tRNA	31	C	62	HR11083
tRNA	31	G	432	HR11083
tRNA	31	T	50	HR11083
tRNA	32	A	5	HR11083
tRNA	32	C	103	HR11083
tRNA	32	G	281	HR11083
tRNA	32	T	81	HR11083
tRNA	33	A	11	HR11083
tRNA	33	C	27	HR11083
tRNA	33	G	197	HR11083
tRNA	33	T	206	HR11083
tRNA	34	A	15	HR11083
tRNA	34	C	6	HR11083
tRNA	34	G	175	HR11083
tRNA	34	T	29	HR11083
tRNA	35	C	3	HR11083
tRNA	35	G	319	HR11083
tRNA	35	T	16	HR11083
tRNA	36	A	2	HR11083
tRNA	36	C	14	HR11083
tRNA	36	G	47	HR11083
tRNA	36	T	42	HR11083
tRNA	37	A	1	HR11083
tRNA	37	C	2	HR11083
tRNA	37	G	20	HR11083
tRNA	38	C	1	HR11083
tRNA	38	G	17	HR11083
tRNA	39	A	1	HR11083
tRNA	39	C	1	HR11083
tRNA	39	G	1	HR11083
tRNA	39	T	1	HR11083
tRNA	40	A	1	HR11083
tRNA	40	G	1	HR11083
tRNA	41	A	1	HR11083
tRNA	41	G	3	HR11083
Unknown	18	A	99589	HR11083
Unknown	18	C	71928	HR11083
Unknown	18	G	64006	HR11083
Unknown	18	T	123899	HR11083
Unknown	19	A	55514	HR11083
Unknown	19	C	61684	HR11083
Unknown	19	G	54866	HR11083
Unknown	19	T	107635	HR11083
Unknown	20	A	44894	HR11083
Unknown	20	C	47135	HR11083
Unknown	20	G	47261	HR11083
Unknown	20	T	57856	HR11083
Unknown	21	A	37981	HR11083
Unknown	21	C	36984	HR11083
Unknown	21	G	29532	HR11083
Unknown	21	T	45112	HR11083
Unknown	22	A	27103	HR11083
Unknown	22	C	36962	HR11083
Unknown	22	G	19959	HR11083
Unknown	22	T	127940	HR11083
Unknown	23	A	14522	HR11083
Unknown	23	C	13362	HR11083
Unknown	23	G	10745	HR11083
Unknown	23	T	27244	HR11083
Unknown	24	A	8316	HR11083
Unknown	24	C	6621	HR11083
Unknown	24	G	6706	HR11083
Unknown	24	T	24420	HR11083
Unknown	25	A	4789	HR11083
Unknown	25	C	3861	HR11083
Unknown	25	G	4333	HR11083
Unknown	25	T	19567	HR11083
Unknown	26	A	4287	HR11083
Unknown	26	C	5096	HR11083
Unknown	26	G	2696	HR11083
Unknown	26	T	24690	HR11083
Unknown	27	A	4123	HR11083
Unknown	27	C	4420	HR11083
Unknown	27	G	3009	HR11083
Unknown	27	T	35038	HR11083
Unknown	28	A	4889	HR11083
Unknown	28	C	4004	HR11083
Unknown	28	G	3729	HR11083
Unknown	28	T	49526	HR11083
Unknown	29	A	4430	HR11083
Unknown	29	C	3141	HR11083
Unknown	29	G	3228	HR11083
Unknown	29	T	40070	HR11083
Unknown	30	A	2603	HR11083
Unknown	30	C	1531	HR11083
Unknown	30	G	2973	HR11083
Unknown	30	T	12445	HR11083
Unknown	31	A	809	HR11083
Unknown	31	C	984	HR11083
Unknown	31	G	1083	HR11083
Unknown	31	T	2830	HR11083
Unknown	32	A	901	HR11083
Unknown	32	C	801	HR11083
Unknown	32	G	1542	HR11083
Unknown	32	T	1241	HR11083
Unknown	33	A	1209	HR11083
Unknown	33	C	416	HR11083
Unknown	33	G	296	HR11083
Unknown	33	T	559	HR11083
Unknown	34	A	340	HR11083
Unknown	34	C	247	HR11083
Unknown	34	G	236	HR11083
Unknown	34	T	445	HR11083
Unknown	35	A	180	HR11083
Unknown	35	C	137	HR11083
Unknown	35	G	197	HR11083
Unknown	35	T	260	HR11083
Unknown	36	A	116	HR11083
Unknown	36	C	153	HR11083
Unknown	36	G	133	HR11083
Unknown	36	T	1005	HR11083
Unknown	37	A	162	HR11083
Unknown	37	C	135	HR11083
Unknown	37	G	120	HR11083
Unknown	37	T	160	HR11083
Unknown	38	A	178	HR11083
Unknown	38	C	145	HR11083
Unknown	38	G	77	HR11083
Unknown	38	T	136	HR11083
Unknown	39	A	106	HR11083
Unknown	39	C	104	HR11083
Unknown	39	G	73	HR11083
Unknown	39	T	254	HR11083
Unknown	40	A	112	HR11083
Unknown	40	C	83	HR11083
Unknown	40	G	80	HR11083
Unknown	40	T	135	HR11083
Unknown	41	A	50	HR11083
Unknown	41	C	106	HR11083
Unknown	41	G	56	HR11083
Unknown	41	T	85	HR11083
Unknown	42	A	158	HR11083
Unknown	42	C	104	HR11083
Unknown	42	G	111	HR11083
Unknown	42	T	107	HR11083
Artifacts	18	C	1	HR24761
Artifacts	18	T	3	HR24761
Artifacts	19	C	5	HR24761
Artifacts	19	T	9	HR24761
Artifacts	20	A	1	HR24761
Artifacts	20	C	1	HR24761
Artifacts	21	T	2	HR24761
Artifacts	22	C	8	HR24761
Artifacts	23	T	7	HR24761
Artifacts	24	A	3	HR24761
Artifacts	24	T	4	HR24761
Artifacts	26	C	1	HR24761
Artifacts	27	C	1	HR24761
Artifacts	27	G	1	HR24761
Artifacts	27	T	1	HR24761
Artifacts	29	C	4	HR24761
Artifacts	30	T	1	HR24761
Artifacts	31	A	1	HR24761
Artifacts	35	C	3	HR24761
Artifacts	35	G	1	HR24761
Artifacts	36	A	1	HR24761
Artifacts	36	C	16	HR24761
Artifacts	36	G	4	HR24761
Artifacts	37	A	4	HR24761
Artifacts	37	C	11	HR24761
Artifacts	37	G	6	HR24761
Artifacts	37	T	4	HR24761
Artifacts	38	A	4	HR24761
Artifacts	38	C	11	HR24761
Artifacts	38	G	5	HR24761
Artifacts	38	T	6	HR24761
Artifacts	39	A	5	HR24761
Artifacts	39	C	18	HR24761
Artifacts	39	G	7	HR24761
Artifacts	39	T	7	HR24761
Artifacts	40	A	3	HR24761
Artifacts	40	C	15	HR24761
Artifacts	40	G	14	HR24761
Artifacts	40	T	8	HR24761
Artifacts	41	A	6	HR24761
Artifacts	41	C	13	HR24761
Artifacts	41	G	19	HR24761
Artifacts	41	T	7	HR24761
Artifacts	42	A	10	HR24761
Artifacts	42	C	22	HR24761
Artifacts	42	G	27	HR24761
Artifacts	42	T	12	HR24761
miRNAs	18	A	2427	HR24761
miRNAs	18	C	178	HR24761
miRNAs	18	G	3047	HR24761
miRNAs	18	T	4275	HR24761
miRNAs	19	A	6993	HR24761
miRNAs	19	C	244	HR24761
miRNAs	19	G	414	HR24761
miRNAs	19	T	3097	HR24761
miRNAs	20	A	4246	HR24761
miRNAs	20	C	1275	HR24761
miRNAs	20	G	688	HR24761
miRNAs	20	T	2719	HR24761
miRNAs	21	A	5516	HR24761
miRNAs	21	C	11066	HR24761
miRNAs	21	G	652	HR24761
miRNAs	21	T	150391	HR24761
miRNAs	22	A	90514	HR24761
miRNAs	22	C	40414	HR24761
miRNAs	22	G	2567	HR24761
miRNAs	22	T	541810	HR24761
miRNAs	23	A	24767	HR24761
miRNAs	23	C	5634	HR24761
miRNAs	23	G	812	HR24761
miRNAs	23	T	146777	HR24761
miRNAs	24	A	238317	HR24761
miRNAs	24	C	44990	HR24761
miRNAs	24	G	532	HR24761
miRNAs	24	T	44613	HR24761
miRNAs	25	A	3957	HR24761
miRNAs	25	C	745	HR24761
miRNAs	25	G	17	HR24761
miRNAs	25	T	759	HR24761
miRNAs	26	A	239	HR24761
miRNAs	26	C	97	HR24761
miRNAs	26	G	7	HR24761
miRNAs	26	T	41	HR24761
miRNAs	27	A	11	HR24761
miRNAs	27	C	8	HR24761
miRNAs	27	T	13	HR24761
miRNAs	28	A	5	HR24761
miRNAs	28	C	3	HR24761
miRNAs	28	G	4	HR24761
miRNAs	28	T	3	HR24761
miRNAs	29	C	1	HR24761
miRNAs	29	T	4	HR24761
miRNAs	30	A	2	HR24761
miRNAs	30	C	1	HR24761
miRNAs	31	A	2	HR24761
miRNAs	31	C	1	HR24761
miRNAs	31	G	1	HR24761
miRNAs	32	C	1	HR24761
miRNAs	36	T	1	HR24761
miRNAs	38	G	1	HR24761
rRNA	18	A	78978	HR24761
rRNA	18	C	49545	HR24761
rRNA	18	G	28844	HR24761
rRNA	18	T	57380	HR24761
rRNA	19	A	75445	HR24761
rRNA	19	C	49630	HR24761
rRNA	19	G	30074	HR24761
rRNA	19	T	46987	HR24761
rRNA	20	A	71112	HR24761
rRNA	20	C	41025	HR24761
rRNA	20	G	40014	HR24761
rRNA	20	T	33989	HR24761
rRNA	21	A	59949	HR24761
rRNA	21	C	40224	HR24761
rRNA	21	G	49400	HR24761
rRNA	21	T	106702	HR24761
rRNA	22	A	49378	HR24761
rRNA	22	C	39861	HR24761
rRNA	22	G	28614	HR24761
rRNA	22	T	36512	HR24761
rRNA	23	A	37741	HR24761
rRNA	23	C	25369	HR24761
rRNA	23	G	22465	HR24761
rRNA	23	T	20422	HR24761
rRNA	24	A	23284	HR24761
rRNA	24	C	20819	HR24761
rRNA	24	G	17082	HR24761
rRNA	24	T	16148	HR24761
rRNA	25	A	24669	HR24761
rRNA	25	C	13547	HR24761
rRNA	25	G	12287	HR24761
rRNA	25	T	11005	HR24761
rRNA	26	A	16769	HR24761
rRNA	26	C	9656	HR24761
rRNA	26	G	9409	HR24761
rRNA	26	T	9148	HR24761
rRNA	27	A	9909	HR24761
rRNA	27	C	5303	HR24761
rRNA	27	G	6415	HR24761
rRNA	27	T	5269	HR24761
rRNA	28	A	8092	HR24761
rRNA	28	C	4773	HR24761
rRNA	28	G	3346	HR24761
rRNA	28	T	2652	HR24761
rRNA	29	A	2830	HR24761
rRNA	29	C	2856	HR24761
rRNA	29	G	1925	HR24761
rRNA	29	T	1229	HR24761
rRNA	30	A	1525	HR24761
rRNA	30	C	1368	HR24761
rRNA	30	G	688	HR24761
rRNA	30	T	819	HR24761
rRNA	31	A	932	HR24761
rRNA	31	C	1651	HR24761
rRNA	31	G	520	HR24761
rRNA	31	T	374	HR24761
rRNA	32	A	447	HR24761
rRNA	32	C	651	HR24761
rRNA	32	G	270	HR24761
rRNA	32	T	264	HR24761
rRNA	33	A	328	HR24761
rRNA	33	C	223	HR24761
rRNA	33	G	136	HR24761
rRNA	33	T	119	HR24761
rRNA	34	A	149	HR24761
rRNA	34	C	192	HR24761
rRNA	34	G	112	HR24761
rRNA	34	T	78	HR24761
rRNA	35	A	131	HR24761
rRNA	35	C	144	HR24761
rRNA	35	G	71	HR24761
rRNA	35	T	63	HR24761
rRNA	36	A	65	HR24761
rRNA	36	C	106	HR24761
rRNA	36	G	49	HR24761
rRNA	36	T	29	HR24761
rRNA	37	A	43	HR24761
rRNA	37	C	55	HR24761
rRNA	37	G	19	HR24761
rRNA	37	T	32	HR24761
rRNA	38	A	33	HR24761
rRNA	38	C	28	HR24761
rRNA	38	G	18	HR24761
rRNA	38	T	27	HR24761
rRNA	39	A	20	HR24761
rRNA	39	C	14	HR24761
rRNA	39	G	21	HR24761
rRNA	39	T	14	HR24761
rRNA	40	A	32	HR24761
rRNA	40	C	20	HR24761
rRNA	40	G	27	HR24761
rRNA	40	T	19	HR24761
rRNA	41	A	20	HR24761
rRNA	41	C	18	HR24761
rRNA	41	G	33	HR24761
rRNA	41	T	47	HR24761
rRNA	42	A	26	HR24761
rRNA	42	C	16	HR24761
rRNA	42	G	18	HR24761
rRNA	42	T	13	HR24761
tRNA	18	A	1081	HR24761
tRNA	18	C	1184	HR24761
tRNA	18	G	1454	HR24761
tRNA	18	T	1281	HR24761
tRNA	19	A	436	HR24761
tRNA	19	C	337	HR24761
tRNA	19	G	533	HR24761
tRNA	19	T	1460	HR24761
tRNA	20	A	468	HR24761
tRNA	20	C	2438	HR24761
tRNA	20	G	832	HR24761
tRNA	20	T	759	HR24761
tRNA	21	A	326	HR24761
tRNA	21	C	1171	HR24761
tRNA	21	G	279	HR24761
tRNA	21	T	407	HR24761
tRNA	22	A	121	HR24761
tRNA	22	C	372	HR24761
tRNA	22	G	230	HR24761
tRNA	22	T	393	HR24761
tRNA	23	A	152	HR24761
tRNA	23	C	413	HR24761
tRNA	23	G	271	HR24761
tRNA	23	T	738	HR24761
tRNA	24	A	137	HR24761
tRNA	24	C	268	HR24761
tRNA	24	G	171	HR24761
tRNA	24	T	381	HR24761
tRNA	25	A	44	HR24761
tRNA	25	C	137	HR24761
tRNA	25	G	396	HR24761
tRNA	25	T	187	HR24761
tRNA	26	A	46	HR24761
tRNA	26	C	68	HR24761
tRNA	26	G	734	HR24761
tRNA	26	T	2179	HR24761
tRNA	27	A	31	HR24761
tRNA	27	C	226	HR24761
tRNA	27	G	113	HR24761
tRNA	27	T	363	HR24761
tRNA	28	A	11	HR24761
tRNA	28	C	117	HR24761
tRNA	28	G	263	HR24761
tRNA	28	T	1139	HR24761
tRNA	29	A	30	HR24761
tRNA	29	C	211	HR24761
tRNA	29	G	363	HR24761
tRNA	29	T	84	HR24761
tRNA	30	A	34	HR24761
tRNA	30	C	53	HR24761
tRNA	30	G	443	HR24761
tRNA	30	T	50	HR24761
tRNA	31	A	11	HR24761
tRNA	31	C	36	HR24761
tRNA	31	G	830	HR24761
tRNA	31	T	125	HR24761
tRNA	32	A	5	HR24761
tRNA	32	C	45	HR24761
tRNA	32	G	632	HR24761
tRNA	32	T	118	HR24761
tRNA	33	A	6	HR24761
tRNA	33	C	3	HR24761
tRNA	33	G	133	HR24761
tRNA	33	T	296	HR24761
tRNA	34	C	1	HR24761
tRNA	34	G	78	HR24761
tRNA	34	T	22	HR24761
tRNA	35	G	61	HR24761
tRNA	35	T	31	HR24761
tRNA	36	A	1	HR24761
tRNA	36	C	1	HR24761
tRNA	36	G	7	HR24761
tRNA	36	T	27	HR24761
tRNA	37	A	1	HR24761
tRNA	37	G	1	HR24761
tRNA	38	T	2	HR24761
tRNA	39	T	3	HR24761
tRNA	40	G	2	HR24761
tRNA	41	T	1	HR24761
tRNA	42	G	1	HR24761
Unknown	18	A	63266	HR24761
Unknown	18	C	63456	HR24761
Unknown	18	G	46870	HR24761
Unknown	18	T	117532	HR24761
Unknown	19	A	51142	HR24761
Unknown	19	C	58659	HR24761
Unknown	19	G	40848	HR24761
Unknown	19	T	181289	HR24761
Unknown	20	A	54622	HR24761
Unknown	20	C	66490	HR24761
Unknown	20	G	57972	HR24761
Unknown	20	T	76382	HR24761
Unknown	21	A	75903	HR24761
Unknown	21	C	59771	HR24761
Unknown	21	G	59218	HR24761
Unknown	21	T	77251	HR24761
Unknown	22	A	77423	HR24761
Unknown	22	C	79362	HR24761
Unknown	22	G	46704	HR24761
Unknown	22	T	174492	HR24761
Unknown	23	A	82627	HR24761
Unknown	23	C	63122	HR24761
Unknown	23	G	41808	HR24761
Unknown	23	T	187329	HR24761
Unknown	24	A	60587	HR24761
Unknown	24	C	64283	HR24761
Unknown	24	G	54284	HR24761
Unknown	24	T	291206	HR24761
Unknown	25	A	52644	HR24761
Unknown	25	C	50728	HR24761
Unknown	25	G	56745	HR24761
Unknown	25	T	364481	HR24761
Unknown	26	A	50211	HR24761
Unknown	26	C	100027	HR24761
Unknown	26	G	28829	HR24761
Unknown	26	T	512809	HR24761
Unknown	27	A	53263	HR24761
Unknown	27	C	93811	HR24761
Unknown	27	G	30268	HR24761
Unknown	27	T	662904	HR24761
Unknown	28	A	39711	HR24761
Unknown	28	C	43398	HR24761
Unknown	28	G	27086	HR24761
Unknown	28	T	722410	HR24761
Unknown	29	A	20777	HR24761
Unknown	29	C	25150	HR24761
Unknown	29	G	9404	HR24761
Unknown	29	T	388801	HR24761
Unknown	30	A	7327	HR24761
Unknown	30	C	4977	HR24761
Unknown	30	G	3785	HR24761
Unknown	30	T	72416	HR24761
Unknown	31	A	2323	HR24761
Unknown	31	C	1514	HR24761
Unknown	31	G	2427	HR24761
Unknown	31	T	8241	HR24761
Unknown	32	A	943	HR24761
Unknown	32	C	2846	HR24761
Unknown	32	G	1235	HR24761
Unknown	32	T	1998	HR24761
Unknown	33	A	5814	HR24761
Unknown	33	C	1005	HR24761
Unknown	33	G	526	HR24761
Unknown	33	T	896	HR24761
Unknown	34	A	581	HR24761
Unknown	34	C	450	HR24761
Unknown	34	G	269	HR24761
Unknown	34	T	783	HR24761
Unknown	35	A	422	HR24761
Unknown	35	C	201	HR24761
Unknown	35	G	348	HR24761
Unknown	35	T	455	HR24761
Unknown	36	A	176	HR24761
Unknown	36	C	142	HR24761
Unknown	36	G	198	HR24761
Unknown	36	T	960	HR24761
Unknown	37	A	451	HR24761
Unknown	37	C	124	HR24761
Unknown	37	G	118	HR24761
Unknown	37	T	153	HR24761
Unknown	38	A	635	HR24761
Unknown	38	C	93	HR24761
Unknown	38	G	114	HR24761
Unknown	38	T	131	HR24761
Unknown	39	A	298	HR24761
Unknown	39	C	83	HR24761
Unknown	39	G	65	HR24761
Unknown	39	T	249	HR24761
Unknown	40	A	134	HR24761
Unknown	40	C	97	HR24761
Unknown	40	G	51	HR24761
Unknown	40	T	72	HR24761
Unknown	41	A	82	HR24761
Unknown	41	C	97	HR24761
Unknown	41	G	50	HR24761
Unknown	41	T	81	HR24761
Unknown	42	A	96	HR24761
Unknown	42	C	78	HR24761
Unknown	42	G	124	HR24761
Unknown	42	T	103	HR24761
Artifacts	18	T	3	HR24762
Artifacts	19	T	9	HR24762
Artifacts	21	T	1	HR24762
Artifacts	22	C	1	HR24762
Artifacts	23	A	2	HR24762
Artifacts	23	T	1	HR24762
Artifacts	24	A	6	HR24762
Artifacts	25	A	2	HR24762
Artifacts	26	A	1	HR24762
Artifacts	28	G	1	HR24762
Artifacts	29	C	1	HR24762
Artifacts	31	A	5	HR24762
Artifacts	32	T	1	HR24762
Artifacts	34	A	1	HR24762
Artifacts	34	C	1	HR24762
Artifacts	35	A	1	HR24762
Artifacts	35	C	4	HR24762
Artifacts	35	G	1	HR24762
Artifacts	36	A	2	HR24762
Artifacts	36	C	11	HR24762
Artifacts	36	G	5	HR24762
Artifacts	37	A	2	HR24762
Artifacts	37	C	27	HR24762
Artifacts	37	G	4	HR24762
Artifacts	37	T	3	HR24762
Artifacts	38	A	7	HR24762
Artifacts	38	C	26	HR24762
Artifacts	38	G	8	HR24762
Artifacts	38	T	15	HR24762
Artifacts	39	A	11	HR24762
Artifacts	39	C	18	HR24762
Artifacts	39	G	16	HR24762
Artifacts	39	T	6	HR24762
Artifacts	40	A	14	HR24762
Artifacts	40	C	17	HR24762
Artifacts	40	G	25	HR24762
Artifacts	40	T	5	HR24762
Artifacts	41	A	11	HR24762
Artifacts	41	C	17	HR24762
Artifacts	41	G	21	HR24762
Artifacts	41	T	16	HR24762
Artifacts	42	A	15	HR24762
Artifacts	42	C	23	HR24762
Artifacts	42	G	32	HR24762
Artifacts	42	T	21	HR24762
miRNAs	18	A	1528	HR24762
miRNAs	18	C	102	HR24762
miRNAs	18	G	905	HR24762
miRNAs	18	T	2165	HR24762
miRNAs	19	A	2362	HR24762
miRNAs	19	C	156	HR24762
miRNAs	19	G	105	HR24762
miRNAs	19	T	1103	HR24762
miRNAs	20	A	686	HR24762
miRNAs	20	C	684	HR24762
miRNAs	20	G	150	HR24762
miRNAs	20	T	1117	HR24762
miRNAs	21	A	1302	HR24762
miRNAs	21	C	3955	HR24762
miRNAs	21	G	163	HR24762
miRNAs	21	T	43564	HR24762
miRNAs	22	A	11478	HR24762
miRNAs	22	C	5650	HR24762
miRNAs	22	G	238	HR24762
miRNAs	22	T	85334	HR24762
miRNAs	23	A	2358	HR24762
miRNAs	23	C	502	HR24762
miRNAs	23	G	45	HR24762
miRNAs	23	T	11678	HR24762
miRNAs	24	A	13722	HR24762
miRNAs	24	C	2215	HR24762
miRNAs	24	G	18	HR24762
miRNAs	24	T	2934	HR24762
miRNAs	25	A	235	HR24762
miRNAs	25	C	47	HR24762
miRNAs	25	G	4	HR24762
miRNAs	25	T	53	HR24762
miRNAs	26	A	17	HR24762
miRNAs	26	C	13	HR24762
miRNAs	26	G	1	HR24762
miRNAs	26	T	5	HR24762
miRNAs	27	A	1	HR24762
miRNAs	27	C	3	HR24762
miRNAs	27	T	4	HR24762
miRNAs	28	A	3	HR24762
miRNAs	28	C	3	HR24762
miRNAs	28	G	4	HR24762
miRNAs	28	T	2	HR24762
miRNAs	29	C	1	HR24762
miRNAs	29	G	1	HR24762
miRNAs	29	T	2	HR24762
miRNAs	30	G	1	HR24762
miRNAs	31	A	1	HR24762
miRNAs	31	C	1	HR24762
miRNAs	31	T	1	HR24762
rRNA	18	A	36223	HR24762
rRNA	18	C	22938	HR24762
rRNA	18	G	12925	HR24762
rRNA	18	T	26351	HR24762
rRNA	19	A	26359	HR24762
rRNA	19	C	17465	HR24762
rRNA	19	G	10566	HR24762
rRNA	19	T	19412	HR24762
rRNA	20	A	15797	HR24762
rRNA	20	C	12452	HR24762
rRNA	20	G	10795	HR24762
rRNA	20	T	9042	HR24762
rRNA	21	A	7165	HR24762
rRNA	21	C	6436	HR24762
rRNA	21	G	9457	HR24762
rRNA	21	T	20811	HR24762
rRNA	22	A	3479	HR24762
rRNA	22	C	3344	HR24762
rRNA	22	G	3642	HR24762
rRNA	22	T	3785	HR24762
rRNA	23	A	2012	HR24762
rRNA	23	C	1708	HR24762
rRNA	23	G	1317	HR24762
rRNA	23	T	1367	HR24762
rRNA	24	A	1052	HR24762
rRNA	24	C	1988	HR24762
rRNA	24	G	826	HR24762
rRNA	24	T	916	HR24762
rRNA	25	A	937	HR24762
rRNA	25	C	1834	HR24762
rRNA	25	G	712	HR24762
rRNA	25	T	697	HR24762
rRNA	26	A	823	HR24762
rRNA	26	C	1886	HR24762
rRNA	26	G	633	HR24762
rRNA	26	T	661	HR24762
rRNA	27	A	677	HR24762
rRNA	27	C	777	HR24762
rRNA	27	G	830	HR24762
rRNA	27	T	665	HR24762
rRNA	28	A	909	HR24762
rRNA	28	C	1686	HR24762
rRNA	28	G	776	HR24762
rRNA	28	T	456	HR24762
rRNA	29	A	320	HR24762
rRNA	29	C	1070	HR24762
rRNA	29	G	629	HR24762
rRNA	29	T	246	HR24762
rRNA	30	A	316	HR24762
rRNA	30	C	1372	HR24762
rRNA	30	G	528	HR24762
rRNA	30	T	376	HR24762
rRNA	31	A	161	HR24762
rRNA	31	C	2269	HR24762
rRNA	31	G	566	HR24762
rRNA	31	T	243	HR24762
rRNA	32	A	114	HR24762
rRNA	32	C	511	HR24762
rRNA	32	G	185	HR24762
rRNA	32	T	176	HR24762
rRNA	33	A	165	HR24762
rRNA	33	C	76	HR24762
rRNA	33	G	103	HR24762
rRNA	33	T	34	HR24762
rRNA	34	A	32	HR24762
rRNA	34	C	87	HR24762
rRNA	34	G	28	HR24762
rRNA	34	T	24	HR24762
rRNA	35	A	45	HR24762
rRNA	35	C	77	HR24762
rRNA	35	G	11	HR24762
rRNA	35	T	22	HR24762
rRNA	36	A	18	HR24762
rRNA	36	C	114	HR24762
rRNA	36	G	11	HR24762
rRNA	36	T	11	HR24762
rRNA	37	A	19	HR24762
rRNA	37	C	27	HR24762
rRNA	37	G	18	HR24762
rRNA	37	T	19	HR24762
rRNA	38	A	11	HR24762
rRNA	38	C	31	HR24762
rRNA	38	G	19	HR24762
rRNA	38	T	11	HR24762
rRNA	39	A	21	HR24762
rRNA	39	C	13	HR24762
rRNA	39	G	6	HR24762
rRNA	39	T	13	HR24762
rRNA	40	A	11	HR24762
rRNA	40	C	19	HR24762
rRNA	40	G	5	HR24762
rRNA	40	T	10	HR24762
rRNA	41	A	20	HR24762
rRNA	41	C	12	HR24762
rRNA	41	G	17	HR24762
rRNA	41	T	45	HR24762
rRNA	42	A	23	HR24762
rRNA	42	C	21	HR24762
rRNA	42	G	6	HR24762
rRNA	42	T	9	HR24762
tRNA	18	A	823	HR24762
tRNA	18	C	976	HR24762
tRNA	18	G	1429	HR24762
tRNA	18	T	898	HR24762
tRNA	19	A	251	HR24762
tRNA	19	C	190	HR24762
tRNA	19	G	277	HR24762
tRNA	19	T	736	HR24762
tRNA	20	A	191	HR24762
tRNA	20	C	727	HR24762
tRNA	20	G	303	HR24762
tRNA	20	T	226	HR24762
tRNA	21	A	71	HR24762
tRNA	21	C	235	HR24762
tRNA	21	G	117	HR24762
tRNA	21	T	89	HR24762
tRNA	22	A	13	HR24762
tRNA	22	C	55	HR24762
tRNA	22	G	119	HR24762
tRNA	22	T	55	HR24762
tRNA	23	A	21	HR24762
tRNA	23	C	64	HR24762
tRNA	23	G	57	HR24762
tRNA	23	T	70	HR24762
tRNA	24	A	122	HR24762
tRNA	24	C	39	HR24762
tRNA	24	G	20	HR24762
tRNA	24	T	23	HR24762
tRNA	25	A	15	HR24762
tRNA	25	C	45	HR24762
tRNA	25	G	41	HR24762
tRNA	25	T	21	HR24762
tRNA	26	A	8	HR24762
tRNA	26	C	25	HR24762
tRNA	26	G	180	HR24762
tRNA	26	T	136	HR24762
tRNA	27	A	7	HR24762
tRNA	27	C	94	HR24762
tRNA	27	G	55	HR24762
tRNA	27	T	32	HR24762
tRNA	28	A	7	HR24762
tRNA	28	C	215	HR24762
tRNA	28	G	85	HR24762
tRNA	28	T	80	HR24762
tRNA	29	A	11	HR24762
tRNA	29	C	112	HR24762
tRNA	29	G	87	HR24762
tRNA	29	T	38	HR24762
tRNA	30	A	17	HR24762
tRNA	30	C	74	HR24762
tRNA	30	G	256	HR24762
tRNA	30	T	19	HR24762
tRNA	31	A	6	HR24762
tRNA	31	C	57	HR24762
tRNA	31	G	528	HR24762
tRNA	31	T	48	HR24762
tRNA	32	A	2	HR24762
tRNA	32	C	57	HR24762
tRNA	32	G	437	HR24762
tRNA	32	T	47	HR24762
tRNA	33	A	1	HR24762
tRNA	33	C	1	HR24762
tRNA	33	G	89	HR24762
tRNA	33	T	281	HR24762
tRNA	34	A	1	HR24762
tRNA	34	G	65	HR24762
tRNA	34	T	17	HR24762
tRNA	35	A	1	HR24762
tRNA	35	G	76	HR24762
tRNA	35	T	24	HR24762
tRNA	36	C	1	HR24762
tRNA	36	G	4	HR24762
tRNA	36	T	32	HR24762
tRNA	37	C	1	HR24762
tRNA	37	G	2	HR24762
tRNA	38	G	1	HR24762
tRNA	39	T	3	HR24762
tRNA	40	A	1	HR24762
tRNA	41	A	1	HR24762
Unknown	18	A	40274	HR24762
Unknown	18	C	40833	HR24762
Unknown	18	G	28760	HR24762
Unknown	18	T	85961	HR24762
Unknown	19	A	23859	HR24762
Unknown	19	C	30348	HR24762
Unknown	19	G	18573	HR24762
Unknown	19	T	75249	HR24762
Unknown	20	A	18113	HR24762
Unknown	20	C	22830	HR24762
Unknown	20	G	19829	HR24762
Unknown	20	T	28714	HR24762
Unknown	21	A	14698	HR24762
Unknown	21	C	15868	HR24762
Unknown	21	G	11423	HR24762
Unknown	21	T	17659	HR24762
Unknown	22	A	7903	HR24762
Unknown	22	C	12735	HR24762
Unknown	22	G	5912	HR24762
Unknown	22	T	21038	HR24762
Unknown	23	A	4781	HR24762
Unknown	23	C	4388	HR24762
Unknown	23	G	2734	HR24762
Unknown	23	T	13627	HR24762
Unknown	24	A	3227	HR24762
Unknown	24	C	3596	HR24762
Unknown	24	G	2917	HR24762
Unknown	24	T	14891	HR24762
Unknown	25	A	2261	HR24762
Unknown	25	C	1993	HR24762
Unknown	25	G	3060	HR24762
Unknown	25	T	16821	HR24762
Unknown	26	A	2307	HR24762
Unknown	26	C	5233	HR24762
Unknown	26	G	1264	HR24762
Unknown	26	T	27508	HR24762
Unknown	27	A	3092	HR24762
Unknown	27	C	6220	HR24762
Unknown	27	G	1732	HR24762
Unknown	27	T	43587	HR24762
Unknown	28	A	4034	HR24762
Unknown	28	C	3837	HR24762
Unknown	28	G	2467	HR24762
Unknown	28	T	63347	HR24762
Unknown	29	A	3637	HR24762
Unknown	29	C	3429	HR24762
Unknown	29	G	1929	HR24762
Unknown	29	T	46973	HR24762
Unknown	30	A	1535	HR24762
Unknown	30	C	1138	HR24762
Unknown	30	G	1254	HR24762
Unknown	30	T	11086	HR24762
Unknown	31	A	473	HR24762
Unknown	31	C	352	HR24762
Unknown	31	G	538	HR24762
Unknown	31	T	1537	HR24762
Unknown	32	A	173	HR24762
Unknown	32	C	433	HR24762
Unknown	32	G	475	HR24762
Unknown	32	T	486	HR24762
Unknown	33	A	836	HR24762
Unknown	33	C	115	HR24762
Unknown	33	G	212	HR24762
Unknown	33	T	142	HR24762
Unknown	34	A	84	HR24762
Unknown	34	C	96	HR24762
Unknown	34	G	70	HR24762
Unknown	34	T	177	HR24762
Unknown	35	A	80	HR24762
Unknown	35	C	52	HR24762
Unknown	35	G	69	HR24762
Unknown	35	T	124	HR24762
Unknown	36	A	57	HR24762
Unknown	36	C	62	HR24762
Unknown	36	G	36	HR24762
Unknown	36	T	134	HR24762
Unknown	37	A	134	HR24762
Unknown	37	C	62	HR24762
Unknown	37	G	54	HR24762
Unknown	37	T	67	HR24762
Unknown	38	A	223	HR24762
Unknown	38	C	56	HR24762
Unknown	38	G	28	HR24762
Unknown	38	T	45	HR24762
Unknown	39	A	139	HR24762
Unknown	39	C	57	HR24762
Unknown	39	G	29	HR24762
Unknown	39	T	59	HR24762
Unknown	40	A	85	HR24762
Unknown	40	C	68	HR24762
Unknown	40	G	50	HR24762
Unknown	40	T	52	HR24762
Unknown	41	A	55	HR24762
Unknown	41	C	105	HR24762
Unknown	41	G	59	HR24762
Unknown	41	T	44	HR24762
Unknown	42	A	77	HR24762
Unknown	42	C	87	HR24762
Unknown	42	G	124	HR24762
Unknown	42	T	71	HR24762
Artifacts	18	A	1	HR24763
Artifacts	18	T	12	HR24763
Artifacts	19	A	1	HR24763
Artifacts	19	C	3	HR24763
Artifacts	19	G	1	HR24763
Artifacts	19	T	11	HR24763
Artifacts	20	T	3	HR24763
Artifacts	22	C	15	HR24763
Artifacts	22	T	4	HR24763
Artifacts	23	A	1	HR24763
Artifacts	23	T	23	HR24763
Artifacts	24	A	2	HR24763
Artifacts	24	C	1	HR24763
Artifacts	24	T	18	HR24763
Artifacts	25	A	1	HR24763
Artifacts	25	T	1	HR24763
Artifacts	29	C	7	HR24763
Artifacts	31	A	4	HR24763
Artifacts	31	T	1	HR24763
Artifacts	34	C	2	HR24763
Artifacts	34	G	1	HR24763
Artifacts	34	T	1	HR24763
Artifacts	35	A	1	HR24763
Artifacts	35	C	4	HR24763
Artifacts	35	T	1	HR24763
Artifacts	36	A	1	HR24763
Artifacts	36	C	10	HR24763
Artifacts	36	T	3	HR24763
Artifacts	37	A	2	HR24763
Artifacts	37	C	15	HR24763
Artifacts	37	G	7	HR24763
Artifacts	37	T	4	HR24763
Artifacts	38	A	4	HR24763
Artifacts	38	C	9	HR24763
Artifacts	38	G	11	HR24763
Artifacts	38	T	8	HR24763
Artifacts	39	A	9	HR24763
Artifacts	39	C	19	HR24763
Artifacts	39	G	8	HR24763
Artifacts	39	T	9	HR24763
Artifacts	40	A	8	HR24763
Artifacts	40	C	24	HR24763
Artifacts	40	G	12	HR24763
Artifacts	40	T	9	HR24763
Artifacts	41	A	6	HR24763
Artifacts	41	C	22	HR24763
Artifacts	41	G	18	HR24763
Artifacts	41	T	11	HR24763
Artifacts	42	A	14	HR24763
Artifacts	42	C	24	HR24763
Artifacts	42	G	44	HR24763
Artifacts	42	T	7	HR24763
miRNAs	18	A	2682	HR24763
miRNAs	18	C	228	HR24763
miRNAs	18	G	1543	HR24763
miRNAs	18	T	3824	HR24763
miRNAs	19	A	4052	HR24763
miRNAs	19	C	360	HR24763
miRNAs	19	G	267	HR24763
miRNAs	19	T	1929	HR24763
miRNAs	20	A	1750	HR24763
miRNAs	20	C	1631	HR24763
miRNAs	20	G	461	HR24763
miRNAs	20	T	2296	HR24763
miRNAs	21	A	4442	HR24763
miRNAs	21	C	13846	HR24763
miRNAs	21	G	434	HR24763
miRNAs	21	T	161703	HR24763
miRNAs	22	A	68994	HR24763
miRNAs	22	C	41513	HR24763
miRNAs	22	G	1338	HR24763
miRNAs	22	T	514200	HR24763
miRNAs	23	A	21926	HR24763
miRNAs	23	C	4698	HR24763
miRNAs	23	G	330	HR24763
miRNAs	23	T	97172	HR24763
miRNAs	24	A	229140	HR24763
miRNAs	24	C	37229	HR24763
miRNAs	24	G	210	HR24763
miRNAs	24	T	31582	HR24763
miRNAs	25	A	3108	HR24763
miRNAs	25	C	576	HR24763
miRNAs	25	G	7	HR24763
miRNAs	25	T	393	HR24763
miRNAs	26	A	124	HR24763
miRNAs	26	C	75	HR24763
miRNAs	26	G	3	HR24763
miRNAs	26	T	29	HR24763
miRNAs	27	A	7	HR24763
miRNAs	27	C	4	HR24763
miRNAs	27	G	3	HR24763
miRNAs	27	T	14	HR24763
miRNAs	28	A	2	HR24763
miRNAs	28	C	7	HR24763
miRNAs	28	G	5	HR24763
miRNAs	29	A	3	HR24763
miRNAs	29	T	2	HR24763
miRNAs	30	A	1	HR24763
miRNAs	31	A	2	HR24763
miRNAs	31	C	1	HR24763
miRNAs	31	G	1	HR24763
miRNAs	32	A	1	HR24763
miRNAs	33	C	2	HR24763
miRNAs	33	G	1	HR24763
miRNAs	34	A	3	HR24763
miRNAs	34	G	1	HR24763
miRNAs	34	T	1	HR24763
miRNAs	35	A	1	HR24763
miRNAs	35	C	1	HR24763
miRNAs	35	G	1	HR24763
miRNAs	35	T	1	HR24763
miRNAs	36	A	1	HR24763
miRNAs	36	C	1	HR24763
miRNAs	41	T	1	HR24763
miRNAs	42	T	1	HR24763
rRNA	18	A	52959	HR24763
rRNA	18	C	34722	HR24763
rRNA	18	G	18456	HR24763
rRNA	18	T	49114	HR24763
rRNA	19	A	45222	HR24763
rRNA	19	C	32529	HR24763
rRNA	19	G	18001	HR24763
rRNA	19	T	43861	HR24763
rRNA	20	A	36076	HR24763
rRNA	20	C	25215	HR24763
rRNA	20	G	25692	HR24763
rRNA	20	T	20533	HR24763
rRNA	21	A	23880	HR24763
rRNA	21	C	22580	HR24763
rRNA	21	G	28027	HR24763
rRNA	21	T	109855	HR24763
rRNA	22	A	18061	HR24763
rRNA	22	C	18363	HR24763
rRNA	22	G	15926	HR24763
rRNA	22	T	22958	HR24763
rRNA	23	A	15237	HR24763
rRNA	23	C	10376	HR24763
rRNA	23	G	11210	HR24763
rRNA	23	T	9289	HR24763
rRNA	24	A	10053	HR24763
rRNA	24	C	7891	HR24763
rRNA	24	G	6647	HR24763
rRNA	24	T	6541	HR24763
rRNA	25	A	8585	HR24763
rRNA	25	C	4875	HR24763
rRNA	25	G	4742	HR24763
rRNA	25	T	4172	HR24763
rRNA	26	A	5389	HR24763
rRNA	26	C	3235	HR24763
rRNA	26	G	3063	HR24763
rRNA	26	T	2952	HR24763
rRNA	27	A	2531	HR24763
rRNA	27	C	1749	HR24763
rRNA	27	G	2627	HR24763
rRNA	27	T	1592	HR24763
rRNA	28	A	2083	HR24763
rRNA	28	C	1923	HR24763
rRNA	28	G	1083	HR24763
rRNA	28	T	853	HR24763
rRNA	29	A	854	HR24763
rRNA	29	C	1109	HR24763
rRNA	29	G	975	HR24763
rRNA	29	T	450	HR24763
rRNA	30	A	746	HR24763
rRNA	30	C	623	HR24763
rRNA	30	G	349	HR24763
rRNA	30	T	416	HR24763
rRNA	31	A	378	HR24763
rRNA	31	C	904	HR24763
rRNA	31	G	491	HR24763
rRNA	31	T	241	HR24763
rRNA	32	A	262	HR24763
rRNA	32	C	488	HR24763
rRNA	32	G	268	HR24763
rRNA	32	T	229	HR24763
rRNA	33	A	309	HR24763
rRNA	33	C	172	HR24763
rRNA	33	G	187	HR24763
rRNA	33	T	136	HR24763
rRNA	34	A	110	HR24763
rRNA	34	C	229	HR24763
rRNA	34	G	124	HR24763
rRNA	34	T	113	HR24763
rRNA	35	A	65	HR24763
rRNA	35	C	119	HR24763
rRNA	35	G	53	HR24763
rRNA	35	T	56	HR24763
rRNA	36	A	57	HR24763
rRNA	36	C	95	HR24763
rRNA	36	G	30	HR24763
rRNA	36	T	38	HR24763
rRNA	37	A	47	HR24763
rRNA	37	C	54	HR24763
rRNA	37	G	23	HR24763
rRNA	37	T	40	HR24763
rRNA	38	A	37	HR24763
rRNA	38	C	18	HR24763
rRNA	38	G	14	HR24763
rRNA	38	T	31	HR24763
rRNA	39	A	35	HR24763
rRNA	39	C	25	HR24763
rRNA	39	G	33	HR24763
rRNA	39	T	17	HR24763
rRNA	40	A	21	HR24763
rRNA	40	C	21	HR24763
rRNA	40	G	14	HR24763
rRNA	40	T	43	HR24763
rRNA	41	A	42	HR24763
rRNA	41	C	27	HR24763
rRNA	41	G	20	HR24763
rRNA	41	T	29	HR24763
rRNA	42	A	76	HR24763
rRNA	42	C	104	HR24763
rRNA	42	G	18	HR24763
rRNA	42	T	39	HR24763
tRNA	18	A	1405	HR24763
tRNA	18	C	1673	HR24763
tRNA	18	G	2615	HR24763
tRNA	18	T	1648	HR24763
tRNA	19	A	439	HR24763
tRNA	19	C	431	HR24763
tRNA	19	G	730	HR24763
tRNA	19	T	1425	HR24763
tRNA	20	A	452	HR24763
tRNA	20	C	2173	HR24763
tRNA	20	G	1125	HR24763
tRNA	20	T	1054	HR24763
tRNA	21	A	238	HR24763
tRNA	21	C	877	HR24763
tRNA	21	G	291	HR24763
tRNA	21	T	420	HR24763
tRNA	22	A	83	HR24763
tRNA	22	C	296	HR24763
tRNA	22	G	247	HR24763
tRNA	22	T	365	HR24763
tRNA	23	A	78	HR24763
tRNA	23	C	241	HR24763
tRNA	23	G	233	HR24763
tRNA	23	T	761	HR24763
tRNA	24	A	210	HR24763
tRNA	24	C	153	HR24763
tRNA	24	G	148	HR24763
tRNA	24	T	270	HR24763
tRNA	25	A	52	HR24763
tRNA	25	C	78	HR24763
tRNA	25	G	240	HR24763
tRNA	25	T	140	HR24763
tRNA	26	A	28	HR24763
tRNA	26	C	45	HR24763
tRNA	26	G	897	HR24763
tRNA	26	T	1492	HR24763
tRNA	27	A	21	HR24763
tRNA	27	C	86	HR24763
tRNA	27	G	46	HR24763
tRNA	27	T	186	HR24763
tRNA	28	A	9	HR24763
tRNA	28	C	192	HR24763
tRNA	28	G	116	HR24763
tRNA	28	T	448	HR24763
tRNA	29	A	14	HR24763
tRNA	29	C	129	HR24763
tRNA	29	G	268	HR24763
tRNA	29	T	85	HR24763
tRNA	30	A	20	HR24763
tRNA	30	C	53	HR24763
tRNA	30	G	320	HR24763
tRNA	30	T	42	HR24763
tRNA	31	A	8	HR24763
tRNA	31	C	53	HR24763
tRNA	31	G	282	HR24763
tRNA	31	T	62	HR24763
tRNA	32	A	3	HR24763
tRNA	32	C	94	HR24763
tRNA	32	G	190	HR24763
tRNA	32	T	53	HR24763
tRNA	33	A	1	HR24763
tRNA	33	C	24	HR24763
tRNA	33	G	155	HR24763
tRNA	33	T	151	HR24763
tRNA	34	A	8	HR24763
tRNA	34	C	5	HR24763
tRNA	34	G	115	HR24763
tRNA	34	T	16	HR24763
tRNA	35	A	1	HR24763
tRNA	35	C	2	HR24763
tRNA	35	G	209	HR24763
tRNA	35	T	12	HR24763
tRNA	36	C	7	HR24763
tRNA	36	G	37	HR24763
tRNA	36	T	22	HR24763
tRNA	37	G	7	HR24763
tRNA	38	A	1	HR24763
tRNA	38	C	1	HR24763
tRNA	38	G	3	HR24763
tRNA	38	T	1	HR24763
tRNA	39	A	1	HR24763
tRNA	39	C	1	HR24763
tRNA	39	T	3	HR24763
tRNA	40	A	2	HR24763
tRNA	40	G	1	HR24763
tRNA	41	T	1	HR24763
Unknown	18	A	66788	HR24763
Unknown	18	C	62178	HR24763
Unknown	18	G	45162	HR24763
Unknown	18	T	154514	HR24763
Unknown	19	A	44809	HR24763
Unknown	19	C	56780	HR24763
Unknown	19	G	34204	HR24763
Unknown	19	T	172454	HR24763
Unknown	20	A	41847	HR24763
Unknown	20	C	55130	HR24763
Unknown	20	G	45542	HR24763
Unknown	20	T	74598	HR24763
Unknown	21	A	47249	HR24763
Unknown	21	C	48750	HR24763
Unknown	21	G	35578	HR24763
Unknown	21	T	68015	HR24763
Unknown	22	A	43506	HR24763
Unknown	22	C	66389	HR24763
Unknown	22	G	29762	HR24763
Unknown	22	T	149962	HR24763
Unknown	23	A	47402	HR24763
Unknown	23	C	39480	HR24763
Unknown	23	G	22332	HR24763
Unknown	23	T	153993	HR24763
Unknown	24	A	32784	HR24763
Unknown	24	C	39371	HR24763
Unknown	24	G	31952	HR24763
Unknown	24	T	233916	HR24763
Unknown	25	A	28028	HR24763
Unknown	25	C	27763	HR24763
Unknown	25	G	36306	HR24763
Unknown	25	T	268844	HR24763
Unknown	26	A	25170	HR24763
Unknown	26	C	75528	HR24763
Unknown	26	G	13783	HR24763
Unknown	26	T	345157	HR24763
Unknown	27	A	25206	HR24763
Unknown	27	C	54972	HR24763
Unknown	27	G	14509	HR24763
Unknown	27	T	392161	HR24763
Unknown	28	A	19383	HR24763
Unknown	28	C	22574	HR24763
Unknown	28	G	12834	HR24763
Unknown	28	T	390565	HR24763
Unknown	29	A	11427	HR24763
Unknown	29	C	11893	HR24763
Unknown	29	G	4960	HR24763
Unknown	29	T	221960	HR24763
Unknown	30	A	4035	HR24763
Unknown	30	C	3089	HR24763
Unknown	30	G	2238	HR24763
Unknown	30	T	49483	HR24763
Unknown	31	A	1307	HR24763
Unknown	31	C	940	HR24763
Unknown	31	G	1568	HR24763
Unknown	31	T	6647	HR24763
Unknown	32	A	853	HR24763
Unknown	32	C	2041	HR24763
Unknown	32	G	1422	HR24763
Unknown	32	T	1591	HR24763
Unknown	33	A	5002	HR24763
Unknown	33	C	655	HR24763
Unknown	33	G	342	HR24763
Unknown	33	T	730	HR24763
Unknown	34	A	493	HR24763
Unknown	34	C	375	HR24763
Unknown	34	G	207	HR24763
Unknown	34	T	677	HR24763
Unknown	35	A	294	HR24763
Unknown	35	C	137	HR24763
Unknown	35	G	283	HR24763
Unknown	35	T	407	HR24763
Unknown	36	A	141	HR24763
Unknown	36	C	169	HR24763
Unknown	36	G	150	HR24763
Unknown	36	T	840	HR24763
Unknown	37	A	414	HR24763
Unknown	37	C	144	HR24763
Unknown	37	G	138	HR24763
Unknown	37	T	174	HR24763
Unknown	38	A	762	HR24763
Unknown	38	C	117	HR24763
Unknown	38	G	106	HR24763
Unknown	38	T	122	HR24763
Unknown	39	A	472	HR24763
Unknown	39	C	73	HR24763
Unknown	39	G	96	HR24763
Unknown	39	T	257	HR24763
Unknown	40	A	247	HR24763
Unknown	40	C	155	HR24763
Unknown	40	G	76	HR24763
Unknown	40	T	102	HR24763
Unknown	41	A	112	HR24763
Unknown	41	C	123	HR24763
Unknown	41	G	64	HR24763
Unknown	41	T	75	HR24763
Unknown	42	A	184	HR24763
Unknown	42	C	104	HR24763
Unknown	42	G	107	HR24763
Unknown	42	T	97	HR24763
Artifacts	18	A	3	HR2481
Artifacts	18	T	6	HR2481
Artifacts	19	C	8	HR2481
Artifacts	19	T	9	HR2481
Artifacts	20	C	1	HR2481
Artifacts	20	T	2	HR2481
Artifacts	21	C	1	HR2481
Artifacts	21	T	9	HR2481
Artifacts	22	C	26	HR2481
Artifacts	22	T	4	HR2481
Artifacts	23	C	1	HR2481
Artifacts	23	T	36	HR2481
Artifacts	24	T	24	HR2481
Artifacts	26	C	1	HR2481
Artifacts	28	T	1	HR2481
Artifacts	30	T	1	HR2481
Artifacts	32	C	1	HR2481
Artifacts	34	C	1	HR2481
Artifacts	35	T	1	HR2481
Artifacts	36	A	1	HR2481
Artifacts	42	A	1	HR2481
miRNAs	18	A	2744	HR2481
miRNAs	18	C	163	HR2481
miRNAs	18	G	2369	HR2481
miRNAs	18	T	3518	HR2481
miRNAs	19	A	4790	HR2481
miRNAs	19	C	342	HR2481
miRNAs	19	G	264	HR2481
miRNAs	19	T	2896	HR2481
miRNAs	20	A	2932	HR2481
miRNAs	20	C	1867	HR2481
miRNAs	20	G	556	HR2481
miRNAs	20	T	4311	HR2481
miRNAs	21	A	10562	HR2481
miRNAs	21	C	18619	HR2481
miRNAs	21	G	716	HR2481
miRNAs	21	T	204333	HR2481
miRNAs	22	A	102534	HR2481
miRNAs	22	C	68472	HR2481
miRNAs	22	G	2707	HR2481
miRNAs	22	T	956487	HR2481
miRNAs	23	A	40033	HR2481
miRNAs	23	C	8666	HR2481
miRNAs	23	G	645	HR2481
miRNAs	23	T	192784	HR2481
miRNAs	24	A	533564	HR2481
miRNAs	24	C	80589	HR2481
miRNAs	24	G	584	HR2481
miRNAs	24	T	91025	HR2481
miRNAs	25	A	9549	HR2481
miRNAs	25	C	1852	HR2481
miRNAs	25	G	21	HR2481
miRNAs	25	T	1357	HR2481
miRNAs	26	A	529	HR2481
miRNAs	26	C	357	HR2481
miRNAs	26	G	1	HR2481
miRNAs	26	T	145	HR2481
miRNAs	27	A	32	HR2481
miRNAs	27	C	7	HR2481
miRNAs	27	G	2	HR2481
miRNAs	27	T	73	HR2481
miRNAs	28	A	6	HR2481
miRNAs	28	C	3	HR2481
miRNAs	28	G	4	HR2481
miRNAs	28	T	16	HR2481
miRNAs	29	A	3	HR2481
miRNAs	29	C	1	HR2481
miRNAs	29	T	4	HR2481
miRNAs	30	C	2	HR2481
miRNAs	30	T	2	HR2481
miRNAs	31	G	1	HR2481
miRNAs	32	G	4	HR2481
miRNAs	36	A	1	HR2481
rRNA	18	A	51705	HR2481
rRNA	18	C	29204	HR2481
rRNA	18	G	21704	HR2481
rRNA	18	T	43240	HR2481
rRNA	19	A	52627	HR2481
rRNA	19	C	28976	HR2481
rRNA	19	G	21558	HR2481
rRNA	19	T	40410	HR2481
rRNA	20	A	47595	HR2481
rRNA	20	C	30028	HR2481
rRNA	20	G	31319	HR2481
rRNA	20	T	24124	HR2481
rRNA	21	A	37185	HR2481
rRNA	21	C	30239	HR2481
rRNA	21	G	31287	HR2481
rRNA	21	T	78250	HR2481
rRNA	22	A	29515	HR2481
rRNA	22	C	28375	HR2481
rRNA	22	G	14802	HR2481
rRNA	22	T	28909	HR2481
rRNA	23	A	23567	HR2481
rRNA	23	C	17026	HR2481
rRNA	23	G	17309	HR2481
rRNA	23	T	15552	HR2481
rRNA	24	A	19082	HR2481
rRNA	24	C	16073	HR2481
rRNA	24	G	14383	HR2481
rRNA	24	T	12945	HR2481
rRNA	25	A	21105	HR2481
rRNA	25	C	12410	HR2481
rRNA	25	G	12678	HR2481
rRNA	25	T	10363	HR2481
rRNA	26	A	17044	HR2481
rRNA	26	C	9915	HR2481
rRNA	26	G	10535	HR2481
rRNA	26	T	9391	HR2481
rRNA	27	A	13150	HR2481
rRNA	27	C	7676	HR2481
rRNA	27	G	9603	HR2481
rRNA	27	T	6831	HR2481
rRNA	28	A	14588	HR2481
rRNA	28	C	7248	HR2481
rRNA	28	G	5947	HR2481
rRNA	28	T	6076	HR2481
rRNA	29	A	7981	HR2481
rRNA	29	C	6677	HR2481
rRNA	29	G	6237	HR2481
rRNA	29	T	3926	HR2481
rRNA	30	A	6607	HR2481
rRNA	30	C	2181	HR2481
rRNA	30	G	1648	HR2481
rRNA	30	T	2533	HR2481
rRNA	31	A	3449	HR2481
rRNA	31	C	1915	HR2481
rRNA	31	G	1539	HR2481
rRNA	31	T	1293	HR2481
rRNA	32	A	2070	HR2481
rRNA	32	C	1343	HR2481
rRNA	32	G	708	HR2481
rRNA	32	T	902	HR2481
rRNA	33	A	871	HR2481
rRNA	33	C	498	HR2481
rRNA	33	G	507	HR2481
rRNA	33	T	374	HR2481
rRNA	34	A	436	HR2481
rRNA	34	C	468	HR2481
rRNA	34	G	250	HR2481
rRNA	34	T	240	HR2481
rRNA	35	A	297	HR2481
rRNA	35	C	239	HR2481
rRNA	35	G	148	HR2481
rRNA	35	T	222	HR2481
rRNA	36	A	237	HR2481
rRNA	36	C	192	HR2481
rRNA	36	G	131	HR2481
rRNA	36	T	149	HR2481
rRNA	37	A	198	HR2481
rRNA	37	C	150	HR2481
rRNA	37	G	120	HR2481
rRNA	37	T	151	HR2481
rRNA	38	A	152	HR2481
rRNA	38	C	113	HR2481
rRNA	38	G	94	HR2481
rRNA	38	T	125	HR2481
rRNA	39	A	144	HR2481
rRNA	39	C	126	HR2481
rRNA	39	G	83	HR2481
rRNA	39	T	152	HR2481
rRNA	40	A	164	HR2481
rRNA	40	C	100	HR2481
rRNA	40	G	84	HR2481
rRNA	40	T	254	HR2481
rRNA	41	A	225	HR2481
rRNA	41	C	90	HR2481
rRNA	41	G	75	HR2481
rRNA	41	T	1362	HR2481
rRNA	42	A	611	HR2481
rRNA	42	C	128	HR2481
rRNA	42	G	59	HR2481
rRNA	42	T	100	HR2481
tRNA	18	A	2053	HR2481
tRNA	18	C	1716	HR2481
tRNA	18	G	3031	HR2481
tRNA	18	T	2041	HR2481
tRNA	19	A	709	HR2481
tRNA	19	C	690	HR2481
tRNA	19	G	1274	HR2481
tRNA	19	T	1833	HR2481
tRNA	20	A	729	HR2481
tRNA	20	C	2847	HR2481
tRNA	20	G	1576	HR2481
tRNA	20	T	1317	HR2481
tRNA	21	A	373	HR2481
tRNA	21	C	1280	HR2481
tRNA	21	G	791	HR2481
tRNA	21	T	584	HR2481
tRNA	22	A	223	HR2481
tRNA	22	C	652	HR2481
tRNA	22	G	488	HR2481
tRNA	22	T	648	HR2481
tRNA	23	A	291	HR2481
tRNA	23	C	1159	HR2481
tRNA	23	G	740	HR2481
tRNA	23	T	1638	HR2481
tRNA	24	A	215	HR2481
tRNA	24	C	1112	HR2481
tRNA	24	G	699	HR2481
tRNA	24	T	657	HR2481
tRNA	25	A	77	HR2481
tRNA	25	C	505	HR2481
tRNA	25	G	1400	HR2481
tRNA	25	T	397	HR2481
tRNA	26	A	73	HR2481
tRNA	26	C	97	HR2481
tRNA	26	G	3648	HR2481
tRNA	26	T	7035	HR2481
tRNA	27	A	41	HR2481
tRNA	27	C	297	HR2481
tRNA	27	G	168	HR2481
tRNA	27	T	1079	HR2481
tRNA	28	A	33	HR2481
tRNA	28	C	73	HR2481
tRNA	28	G	881	HR2481
tRNA	28	T	3479	HR2481
tRNA	29	A	107	HR2481
tRNA	29	C	597	HR2481
tRNA	29	G	6512	HR2481
tRNA	29	T	105	HR2481
tRNA	30	A	119	HR2481
tRNA	30	C	91	HR2481
tRNA	30	G	3932	HR2481
tRNA	30	T	69	HR2481
tRNA	31	A	30	HR2481
tRNA	31	C	38	HR2481
tRNA	31	G	1574	HR2481
tRNA	31	T	692	HR2481
tRNA	32	A	10	HR2481
tRNA	32	C	13	HR2481
tRNA	32	G	759	HR2481
tRNA	32	T	567	HR2481
tRNA	33	A	12	HR2481
tRNA	33	C	2	HR2481
tRNA	33	G	358	HR2481
tRNA	33	T	199	HR2481
tRNA	34	A	24	HR2481
tRNA	34	C	3	HR2481
tRNA	34	G	34	HR2481
tRNA	34	T	31	HR2481
tRNA	35	A	3	HR2481
tRNA	35	C	2	HR2481
tRNA	35	G	247	HR2481
tRNA	35	T	4	HR2481
tRNA	36	A	4	HR2481
tRNA	36	G	21	HR2481
tRNA	36	T	2	HR2481
tRNA	37	G	10	HR2481
tRNA	37	T	3	HR2481
tRNA	38	G	2	HR2481
tRNA	38	T	1	HR2481
tRNA	39	A	4	HR2481
tRNA	39	G	1	HR2481
tRNA	39	T	2	HR2481
tRNA	40	A	1	HR2481
tRNA	40	G	2	HR2481
tRNA	40	T	8	HR2481
tRNA	41	A	7	HR2481
tRNA	41	C	1	HR2481
tRNA	41	G	7	HR2481
tRNA	41	T	6	HR2481
tRNA	42	A	2	HR2481
tRNA	42	G	10	HR2481
tRNA	42	T	1	HR2481
Unknown	18	A	71276	HR2481
Unknown	18	C	54011	HR2481
Unknown	18	G	41075	HR2481
Unknown	18	T	137113	HR2481
Unknown	19	A	50032	HR2481
Unknown	19	C	55187	HR2481
Unknown	19	G	36885	HR2481
Unknown	19	T	99339	HR2481
Unknown	20	A	47167	HR2481
Unknown	20	C	50495	HR2481
Unknown	20	G	61395	HR2481
Unknown	20	T	67259	HR2481
Unknown	21	A	57172	HR2481
Unknown	21	C	49237	HR2481
Unknown	21	G	44727	HR2481
Unknown	21	T	82841	HR2481
Unknown	22	A	64802	HR2481
Unknown	22	C	83674	HR2481
Unknown	22	G	37427	HR2481
Unknown	22	T	240248	HR2481
Unknown	23	A	89959	HR2481
Unknown	23	C	60142	HR2481
Unknown	23	G	33587	HR2481
Unknown	23	T	276794	HR2481
Unknown	24	A	73776	HR2481
Unknown	24	C	66011	HR2481
Unknown	24	G	48441	HR2481
Unknown	24	T	517632	HR2481
Unknown	25	A	71640	HR2481
Unknown	25	C	66406	HR2481
Unknown	25	G	45679	HR2481
Unknown	25	T	735986	HR2481
Unknown	26	A	89878	HR2481
Unknown	26	C	185089	HR2481
Unknown	26	G	50941	HR2481
Unknown	26	T	1367252	HR2481
Unknown	27	A	136705	HR2481
Unknown	27	C	164343	HR2481
Unknown	27	G	74234	HR2481
Unknown	27	T	2307711	HR2481
Unknown	28	A	148353	HR2481
Unknown	28	C	153220	HR2481
Unknown	28	G	70846	HR2481
Unknown	28	T	3440227	HR2481
Unknown	29	A	125906	HR2481
Unknown	29	C	94462	HR2481
Unknown	29	G	43829	HR2481
Unknown	29	T	2639170	HR2481
Unknown	30	A	33446	HR2481
Unknown	30	C	30698	HR2481
Unknown	30	G	21390	HR2481
Unknown	30	T	596115	HR2481
Unknown	31	A	9642	HR2481
Unknown	31	C	7297	HR2481
Unknown	31	G	16970	HR2481
Unknown	31	T	68228	HR2481
Unknown	32	A	5014	HR2481
Unknown	32	C	23306	HR2481
Unknown	32	G	7533	HR2481
Unknown	32	T	10964	HR2481
Unknown	33	A	47434	HR2481
Unknown	33	C	4152	HR2481
Unknown	33	G	1588	HR2481
Unknown	33	T	4291	HR2481
Unknown	34	A	2070	HR2481
Unknown	34	C	1424	HR2481
Unknown	34	G	679	HR2481
Unknown	34	T	2042	HR2481
Unknown	35	A	793	HR2481
Unknown	35	C	509	HR2481
Unknown	35	G	726	HR2481
Unknown	35	T	1264	HR2481
Unknown	36	A	516	HR2481
Unknown	36	C	414	HR2481
Unknown	36	G	578	HR2481
Unknown	36	T	1468	HR2481
Unknown	37	A	1073	HR2481
Unknown	37	C	360	HR2481
Unknown	37	G	488	HR2481
Unknown	37	T	714	HR2481
Unknown	38	A	1862	HR2481
Unknown	38	C	193	HR2481
Unknown	38	G	250	HR2481
Unknown	38	T	394	HR2481
Unknown	39	A	1435	HR2481
Unknown	39	C	152	HR2481
Unknown	39	G	190	HR2481
Unknown	39	T	906	HR2481
Unknown	40	A	1352	HR2481
Unknown	40	C	195	HR2481
Unknown	40	G	193	HR2481
Unknown	40	T	326	HR2481
Unknown	41	A	522	HR2481
Unknown	41	C	160	HR2481
Unknown	41	G	108	HR2481
Unknown	41	T	235	HR2481
Unknown	42	A	954	HR2481
Unknown	42	C	130	HR2481
Unknown	42	G	149	HR2481
Unknown	42	T	237	HR2481
Artifacts	18	T	1	HR2482
Artifacts	19	A	3	HR2482
Artifacts	19	C	2	HR2482
Artifacts	19	T	2	HR2482
Artifacts	20	T	4	HR2482
Artifacts	21	T	3	HR2482
Artifacts	22	C	1	HR2482
Artifacts	23	T	10	HR2482
Artifacts	24	T	5	HR2482
Artifacts	26	C	9	HR2482
Artifacts	27	T	7	HR2482
Artifacts	28	T	3	HR2482
Artifacts	30	T	3	HR2482
Artifacts	31	C	4	HR2482
Artifacts	32	C	1	HR2482
Artifacts	34	T	2	HR2482
Artifacts	35	C	1	HR2482
Artifacts	35	G	1	HR2482
Artifacts	42	C	1	HR2482
miRNAs	18	A	1782	HR2482
miRNAs	18	C	165	HR2482
miRNAs	18	G	864	HR2482
miRNAs	18	T	2718	HR2482
miRNAs	19	A	2352	HR2482
miRNAs	19	C	308	HR2482
miRNAs	19	G	274	HR2482
miRNAs	19	T	1846	HR2482
miRNAs	20	A	2085	HR2482
miRNAs	20	C	1468	HR2482
miRNAs	20	G	388	HR2482
miRNAs	20	T	3668	HR2482
miRNAs	21	A	10585	HR2482
miRNAs	21	C	15660	HR2482
miRNAs	21	G	595	HR2482
miRNAs	21	T	208508	HR2482
miRNAs	22	A	138027	HR2482
miRNAs	22	C	60828	HR2482
miRNAs	22	G	3259	HR2482
miRNAs	22	T	781808	HR2482
miRNAs	23	A	42809	HR2482
miRNAs	23	C	11464	HR2482
miRNAs	23	G	981	HR2482
miRNAs	23	T	309818	HR2482
miRNAs	24	A	563169	HR2482
miRNAs	24	C	143407	HR2482
miRNAs	24	G	557	HR2482
miRNAs	24	T	132128	HR2482
miRNAs	25	A	12186	HR2482
miRNAs	25	C	2519	HR2482
miRNAs	25	G	27	HR2482
miRNAs	25	T	2194	HR2482
miRNAs	26	A	539	HR2482
miRNAs	26	C	472	HR2482
miRNAs	26	T	307	HR2482
miRNAs	27	A	41	HR2482
miRNAs	27	C	15	HR2482
miRNAs	27	G	1	HR2482
miRNAs	27	T	181	HR2482
miRNAs	28	A	11	HR2482
miRNAs	28	C	6	HR2482
miRNAs	28	G	1	HR2482
miRNAs	28	T	17	HR2482
miRNAs	29	A	4	HR2482
miRNAs	29	C	1	HR2482
miRNAs	29	G	1	HR2482
miRNAs	29	T	13	HR2482
miRNAs	30	A	2	HR2482
miRNAs	30	C	1	HR2482
miRNAs	30	G	1	HR2482
miRNAs	31	C	2	HR2482
miRNAs	31	G	3	HR2482
miRNAs	34	A	2	HR2482
miRNAs	34	G	1	HR2482
miRNAs	35	C	1	HR2482
miRNAs	36	T	1	HR2482
rRNA	18	A	26708	HR2482
rRNA	18	C	16116	HR2482
rRNA	18	G	9528	HR2482
rRNA	18	T	50528	HR2482
rRNA	19	A	30244	HR2482
rRNA	19	C	18716	HR2482
rRNA	19	G	12145	HR2482
rRNA	19	T	32604	HR2482
rRNA	20	A	36615	HR2482
rRNA	20	C	20461	HR2482
rRNA	20	G	19003	HR2482
rRNA	20	T	20246	HR2482
rRNA	21	A	30202	HR2482
rRNA	21	C	29856	HR2482
rRNA	21	G	23726	HR2482
rRNA	21	T	114133	HR2482
rRNA	22	A	30458	HR2482
rRNA	22	C	26048	HR2482
rRNA	22	G	15114	HR2482
rRNA	22	T	35799	HR2482
rRNA	23	A	24975	HR2482
rRNA	23	C	19192	HR2482
rRNA	23	G	18352	HR2482
rRNA	23	T	16671	HR2482
rRNA	24	A	22912	HR2482
rRNA	24	C	19013	HR2482
rRNA	24	G	15410	HR2482
rRNA	24	T	16579	HR2482
rRNA	25	A	29020	HR2482
rRNA	25	C	16993	HR2482
rRNA	25	G	14247	HR2482
rRNA	25	T	14236	HR2482
rRNA	26	A	23528	HR2482
rRNA	26	C	15751	HR2482
rRNA	26	G	13659	HR2482
rRNA	26	T	15043	HR2482
rRNA	27	A	18702	HR2482
rRNA	27	C	13300	HR2482
rRNA	27	G	13840	HR2482
rRNA	27	T	11791	HR2482
rRNA	28	A	18764	HR2482
rRNA	28	C	14408	HR2482
rRNA	28	G	8978	HR2482
rRNA	28	T	9874	HR2482
rRNA	29	A	13265	HR2482
rRNA	29	C	12062	HR2482
rRNA	29	G	8614	HR2482
rRNA	29	T	7046	HR2482
rRNA	30	A	10720	HR2482
rRNA	30	C	5271	HR2482
rRNA	30	G	3844	HR2482
rRNA	30	T	5385	HR2482
rRNA	31	A	7108	HR2482
rRNA	31	C	5178	HR2482
rRNA	31	G	3118	HR2482
rRNA	31	T	3235	HR2482
rRNA	32	A	4580	HR2482
rRNA	32	C	4753	HR2482
rRNA	32	G	2106	HR2482
rRNA	32	T	2629	HR2482
rRNA	33	A	2498	HR2482
rRNA	33	C	1595	HR2482
rRNA	33	G	1360	HR2482
rRNA	33	T	1334	HR2482
rRNA	34	A	1412	HR2482
rRNA	34	C	1556	HR2482
rRNA	34	G	990	HR2482
rRNA	34	T	841	HR2482
rRNA	35	A	855	HR2482
rRNA	35	C	987	HR2482
rRNA	35	G	487	HR2482
rRNA	35	T	742	HR2482
rRNA	36	A	599	HR2482
rRNA	36	C	457	HR2482
rRNA	36	G	338	HR2482
rRNA	36	T	374	HR2482
rRNA	37	A	356	HR2482
rRNA	37	C	281	HR2482
rRNA	37	G	189	HR2482
rRNA	37	T	327	HR2482
rRNA	38	A	234	HR2482
rRNA	38	C	172	HR2482
rRNA	38	G	162	HR2482
rRNA	38	T	258	HR2482
rRNA	39	A	241	HR2482
rRNA	39	C	156	HR2482
rRNA	39	G	108	HR2482
rRNA	39	T	220	HR2482
rRNA	40	A	161	HR2482
rRNA	40	C	145	HR2482
rRNA	40	G	85	HR2482
rRNA	40	T	327	HR2482
rRNA	41	A	259	HR2482
rRNA	41	C	129	HR2482
rRNA	41	G	72	HR2482
rRNA	41	T	1422	HR2482
rRNA	42	A	724	HR2482
rRNA	42	C	124	HR2482
rRNA	42	G	79	HR2482
rRNA	42	T	130	HR2482
tRNA	18	A	1010	HR2482
tRNA	18	C	1157	HR2482
tRNA	18	G	1233	HR2482
tRNA	18	T	1171	HR2482
tRNA	19	A	435	HR2482
tRNA	19	C	459	HR2482
tRNA	19	G	789	HR2482
tRNA	19	T	1340	HR2482
tRNA	20	A	548	HR2482
tRNA	20	C	2340	HR2482
tRNA	20	G	1437	HR2482
tRNA	20	T	1172	HR2482
tRNA	21	A	363	HR2482
tRNA	21	C	1735	HR2482
tRNA	21	G	664	HR2482
tRNA	21	T	643	HR2482
tRNA	22	A	293	HR2482
tRNA	22	C	966	HR2482
tRNA	22	G	607	HR2482
tRNA	22	T	751	HR2482
tRNA	23	A	459	HR2482
tRNA	23	C	2066	HR2482
tRNA	23	G	931	HR2482
tRNA	23	T	1747	HR2482
tRNA	24	A	564	HR2482
tRNA	24	C	1890	HR2482
tRNA	24	G	1027	HR2482
tRNA	24	T	960	HR2482
tRNA	25	A	159	HR2482
tRNA	25	C	938	HR2482
tRNA	25	G	2298	HR2482
tRNA	25	T	615	HR2482
tRNA	26	A	160	HR2482
tRNA	26	C	339	HR2482
tRNA	26	G	4218	HR2482
tRNA	26	T	13899	HR2482
tRNA	27	A	151	HR2482
tRNA	27	C	678	HR2482
tRNA	27	G	536	HR2482
tRNA	27	T	2743	HR2482
tRNA	28	A	105	HR2482
tRNA	28	C	151	HR2482
tRNA	28	G	2555	HR2482
tRNA	28	T	5070	HR2482
tRNA	29	A	122	HR2482
tRNA	29	C	2013	HR2482
tRNA	29	G	11977	HR2482
tRNA	29	T	192	HR2482
tRNA	30	A	428	HR2482
tRNA	30	C	139	HR2482
tRNA	30	G	6783	HR2482
tRNA	30	T	140	HR2482
tRNA	31	A	116	HR2482
tRNA	31	C	113	HR2482
tRNA	31	G	2162	HR2482
tRNA	31	T	854	HR2482
tRNA	32	A	27	HR2482
tRNA	32	C	13	HR2482
tRNA	32	G	977	HR2482
tRNA	32	T	688	HR2482
tRNA	33	A	42	HR2482
tRNA	33	C	7	HR2482
tRNA	33	G	614	HR2482
tRNA	33	T	207	HR2482
tRNA	34	A	61	HR2482
tRNA	34	C	3	HR2482
tRNA	34	G	69	HR2482
tRNA	34	T	46	HR2482
tRNA	35	A	9	HR2482
tRNA	35	C	8	HR2482
tRNA	35	G	299	HR2482
tRNA	35	T	28	HR2482
tRNA	36	A	4	HR2482
tRNA	36	G	42	HR2482
tRNA	36	T	5	HR2482
tRNA	37	A	1	HR2482
tRNA	37	C	3	HR2482
tRNA	37	G	14	HR2482
tRNA	37	T	5	HR2482
tRNA	38	C	5	HR2482
tRNA	38	G	3	HR2482
tRNA	38	T	6	HR2482
tRNA	39	A	12	HR2482
tRNA	39	T	4	HR2482
tRNA	40	A	8	HR2482
tRNA	40	C	1	HR2482
tRNA	40	G	3	HR2482
tRNA	40	T	2	HR2482
tRNA	41	A	6	HR2482
tRNA	41	G	19	HR2482
tRNA	41	T	1	HR2482
tRNA	42	C	1	HR2482
tRNA	42	G	14	HR2482
tRNA	42	T	2	HR2482
Unknown	18	A	36484	HR2482
Unknown	18	C	28424	HR2482
Unknown	18	G	19194	HR2482
Unknown	18	T	80719	HR2482
Unknown	19	A	29840	HR2482
Unknown	19	C	32263	HR2482
Unknown	19	G	21291	HR2482
Unknown	19	T	89339	HR2482
Unknown	20	A	34613	HR2482
Unknown	20	C	40960	HR2482
Unknown	20	G	31488	HR2482
Unknown	20	T	63473	HR2482
Unknown	21	A	46774	HR2482
Unknown	21	C	39841	HR2482
Unknown	21	G	33851	HR2482
Unknown	21	T	92682	HR2482
Unknown	22	A	68217	HR2482
Unknown	22	C	79550	HR2482
Unknown	22	G	32127	HR2482
Unknown	22	T	291366	HR2482
Unknown	23	A	105341	HR2482
Unknown	23	C	61816	HR2482
Unknown	23	G	34760	HR2482
Unknown	23	T	311338	HR2482
Unknown	24	A	83298	HR2482
Unknown	24	C	75855	HR2482
Unknown	24	G	49750	HR2482
Unknown	24	T	646920	HR2482
Unknown	25	A	91026	HR2482
Unknown	25	C	86851	HR2482
Unknown	25	G	61808	HR2482
Unknown	25	T	936961	HR2482
Unknown	26	A	137583	HR2482
Unknown	26	C	189907	HR2482
Unknown	26	G	77316	HR2482
Unknown	26	T	1804607	HR2482
Unknown	27	A	248711	HR2482
Unknown	27	C	217604	HR2482
Unknown	27	G	111795	HR2482
Unknown	27	T	3441170	HR2482
Unknown	28	A	240060	HR2482
Unknown	28	C	240256	HR2482
Unknown	28	G	110530	HR2482
Unknown	28	T	5732727	HR2482
Unknown	29	A	217529	HR2482
Unknown	29	C	179717	HR2482
Unknown	29	G	83706	HR2482
Unknown	29	T	4888114	HR2482
Unknown	30	A	76549	HR2482
Unknown	30	C	66955	HR2482
Unknown	30	G	45719	HR2482
Unknown	30	T	1299109	HR2482
Unknown	31	A	24217	HR2482
Unknown	31	C	19021	HR2482
Unknown	31	G	34189	HR2482
Unknown	31	T	166971	HR2482
Unknown	32	A	16218	HR2482
Unknown	32	C	66736	HR2482
Unknown	32	G	20460	HR2482
Unknown	32	T	41267	HR2482
Unknown	33	A	195072	HR2482
Unknown	33	C	26215	HR2482
Unknown	33	G	5170	HR2482
Unknown	33	T	17291	HR2482
Unknown	34	A	12826	HR2482
Unknown	34	C	6048	HR2482
Unknown	34	G	3439	HR2482
Unknown	34	T	9630	HR2482
Unknown	35	A	3604	HR2482
Unknown	35	C	2480	HR2482
Unknown	35	G	4376	HR2482
Unknown	35	T	6549	HR2482
Unknown	36	A	1737	HR2482
Unknown	36	C	2560	HR2482
Unknown	36	G	1924	HR2482
Unknown	36	T	4700	HR2482
Unknown	37	A	2208	HR2482
Unknown	37	C	1989	HR2482
Unknown	37	G	2335	HR2482
Unknown	37	T	1851	HR2482
Unknown	38	A	2366	HR2482
Unknown	38	C	531	HR2482
Unknown	38	G	638	HR2482
Unknown	38	T	869	HR2482
Unknown	39	A	1540	HR2482
Unknown	39	C	234	HR2482
Unknown	39	G	342	HR2482
Unknown	39	T	979	HR2482
Unknown	40	A	1116	HR2482
Unknown	40	C	300	HR2482
Unknown	40	G	255	HR2482
Unknown	40	T	407	HR2482
Unknown	41	A	410	HR2482
Unknown	41	C	207	HR2482
Unknown	41	G	184	HR2482
Unknown	41	T	342	HR2482
Unknown	42	A	1099	HR2482
Unknown	42	C	134	HR2482
Unknown	42	G	231	HR2482
Unknown	42	T	338	HR2482
Artifacts	18	A	1	HR2483
Artifacts	18	C	1	HR2483
Artifacts	18	T	10	HR2483
Artifacts	19	C	7	HR2483
Artifacts	19	T	16	HR2483
Artifacts	20	C	1	HR2483
Artifacts	20	T	9	HR2483
Artifacts	21	C	6	HR2483
Artifacts	21	G	3	HR2483
Artifacts	21	T	4	HR2483
Artifacts	22	C	30	HR2483
Artifacts	22	G	4	HR2483
Artifacts	22	T	6	HR2483
Artifacts	23	C	2	HR2483
Artifacts	23	T	7	HR2483
Artifacts	24	C	2	HR2483
Artifacts	24	T	17	HR2483
Artifacts	25	C	1	HR2483
Artifacts	26	A	1	HR2483
Artifacts	26	C	6	HR2483
Artifacts	26	G	1	HR2483
Artifacts	26	T	2	HR2483
Artifacts	28	C	2	HR2483
Artifacts	28	T	5	HR2483
Artifacts	29	C	12	HR2483
Artifacts	30	T	1	HR2483
Artifacts	31	A	4	HR2483
Artifacts	31	T	2	HR2483
Artifacts	32	T	1	HR2483
Artifacts	33	C	1	HR2483
Artifacts	33	G	3	HR2483
Artifacts	33	T	1	HR2483
Artifacts	34	C	3	HR2483
Artifacts	34	G	2	HR2483
Artifacts	34	T	2	HR2483
Artifacts	35	C	5	HR2483
Artifacts	35	G	2	HR2483
Artifacts	35	T	1	HR2483
Artifacts	36	A	3	HR2483
Artifacts	36	C	18	HR2483
Artifacts	36	G	4	HR2483
Artifacts	36	T	2	HR2483
Artifacts	37	A	8	HR2483
Artifacts	37	C	31	HR2483
Artifacts	37	G	5	HR2483
Artifacts	37	T	4	HR2483
Artifacts	38	A	4	HR2483
Artifacts	38	C	25	HR2483
Artifacts	38	G	14	HR2483
Artifacts	38	T	9	HR2483
Artifacts	39	A	7	HR2483
Artifacts	39	C	36	HR2483
Artifacts	39	G	16	HR2483
Artifacts	39	T	8	HR2483
Artifacts	40	A	104	HR2483
Artifacts	40	C	41	HR2483
Artifacts	40	G	34	HR2483
Artifacts	40	T	26	HR2483
Artifacts	41	A	42	HR2483
Artifacts	41	C	56	HR2483
Artifacts	41	G	50	HR2483
Artifacts	41	T	48	HR2483
Artifacts	42	A	128	HR2483
Artifacts	42	C	108	HR2483
Artifacts	42	G	81	HR2483
Artifacts	42	T	1189	HR2483
miRNAs	18	A	3501	HR2483
miRNAs	18	C	371	HR2483
miRNAs	18	G	1702	HR2483
miRNAs	18	T	4332	HR2483
miRNAs	19	A	4623	HR2483
miRNAs	19	C	450	HR2483
miRNAs	19	G	338	HR2483
miRNAs	19	T	2573	HR2483
miRNAs	20	A	2508	HR2483
miRNAs	20	C	2154	HR2483
miRNAs	20	G	599	HR2483
miRNAs	20	T	3685	HR2483
miRNAs	21	A	7076	HR2483
miRNAs	21	C	22496	HR2483
miRNAs	21	G	911	HR2483
miRNAs	21	T	244035	HR2483
miRNAs	22	A	147805	HR2483
miRNAs	22	C	77392	HR2483
miRNAs	22	G	3245	HR2483
miRNAs	22	T	1164434	HR2483
miRNAs	23	A	57221	HR2483
miRNAs	23	C	11769	HR2483
miRNAs	23	G	887	HR2483
miRNAs	23	T	283666	HR2483
miRNAs	24	A	796672	HR2483
miRNAs	24	C	118935	HR2483
miRNAs	24	G	618	HR2483
miRNAs	24	T	116295	HR2483
miRNAs	25	A	12872	HR2483
miRNAs	25	C	2201	HR2483
miRNAs	25	G	29	HR2483
miRNAs	25	T	1657	HR2483
miRNAs	26	A	550	HR2483
miRNAs	26	C	406	HR2483
miRNAs	26	G	16	HR2483
miRNAs	26	T	218	HR2483
miRNAs	27	A	56	HR2483
miRNAs	27	C	18	HR2483
miRNAs	27	G	10	HR2483
miRNAs	27	T	95	HR2483
miRNAs	28	C	12	HR2483
miRNAs	28	G	4	HR2483
miRNAs	28	T	5	HR2483
miRNAs	29	A	8	HR2483
miRNAs	29	C	3	HR2483
miRNAs	29	T	8	HR2483
miRNAs	30	A	6	HR2483
miRNAs	30	C	1	HR2483
miRNAs	30	G	2	HR2483
miRNAs	30	T	2	HR2483
miRNAs	31	C	1	HR2483
miRNAs	31	G	2	HR2483
miRNAs	32	C	1	HR2483
miRNAs	32	T	3	HR2483
miRNAs	33	A	1	HR2483
miRNAs	34	A	3	HR2483
miRNAs	35	A	2	HR2483
miRNAs	35	C	3	HR2483
miRNAs	36	A	1	HR2483
miRNAs	37	T	1	HR2483
miRNAs	38	A	1	HR2483
miRNAs	42	A	1	HR2483
rRNA	18	A	53388	HR2483
rRNA	18	C	27592	HR2483
rRNA	18	G	21082	HR2483
rRNA	18	T	84437	HR2483
rRNA	19	A	51779	HR2483
rRNA	19	C	28350	HR2483
rRNA	19	G	19558	HR2483
rRNA	19	T	63017	HR2483
rRNA	20	A	51792	HR2483
rRNA	20	C	26646	HR2483
rRNA	20	G	29428	HR2483
rRNA	20	T	27950	HR2483
rRNA	21	A	36872	HR2483
rRNA	21	C	30109	HR2483
rRNA	21	G	27880	HR2483
rRNA	21	T	174466	HR2483
rRNA	22	A	30268	HR2483
rRNA	22	C	24803	HR2483
rRNA	22	G	14393	HR2483
rRNA	22	T	44623	HR2483
rRNA	23	A	23313	HR2483
rRNA	23	C	15637	HR2483
rRNA	23	G	19762	HR2483
rRNA	23	T	16426	HR2483
rRNA	24	A	21086	HR2483
rRNA	24	C	15196	HR2483
rRNA	24	G	14821	HR2483
rRNA	24	T	14111	HR2483
rRNA	25	A	23370	HR2483
rRNA	25	C	11661	HR2483
rRNA	25	G	12081	HR2483
rRNA	25	T	10705	HR2483
rRNA	26	A	16186	HR2483
rRNA	26	C	10002	HR2483
rRNA	26	G	10490	HR2483
rRNA	26	T	9277	HR2483
rRNA	27	A	12001	HR2483
rRNA	27	C	7283	HR2483
rRNA	27	G	11627	HR2483
rRNA	27	T	7146	HR2483
rRNA	28	A	12818	HR2483
rRNA	28	C	7905	HR2483
rRNA	28	G	5853	HR2483
rRNA	28	T	5673	HR2483
rRNA	29	A	7246	HR2483
rRNA	29	C	7710	HR2483
rRNA	29	G	6191	HR2483
rRNA	29	T	3546	HR2483
rRNA	30	A	7654	HR2483
rRNA	30	C	2797	HR2483
rRNA	30	G	1977	HR2483
rRNA	30	T	3037	HR2483
rRNA	31	A	3280	HR2483
rRNA	31	C	6975	HR2483
rRNA	31	G	2171	HR2483
rRNA	31	T	1272	HR2483
rRNA	32	A	2021	HR2483
rRNA	32	C	2078	HR2483
rRNA	32	G	1081	HR2483
rRNA	32	T	1215	HR2483
rRNA	33	A	1290	HR2483
rRNA	33	C	590	HR2483
rRNA	33	G	821	HR2483
rRNA	33	T	475	HR2483
rRNA	34	A	455	HR2483
rRNA	34	C	796	HR2483
rRNA	34	G	365	HR2483
rRNA	34	T	314	HR2483
rRNA	35	A	223	HR2483
rRNA	35	C	343	HR2483
rRNA	35	G	155	HR2483
rRNA	35	T	192	HR2483
rRNA	36	A	185	HR2483
rRNA	36	C	151	HR2483
rRNA	36	G	96	HR2483
rRNA	36	T	84	HR2483
rRNA	37	A	115	HR2483
rRNA	37	C	141	HR2483
rRNA	37	G	86	HR2483
rRNA	37	T	97	HR2483
rRNA	38	A	69	HR2483
rRNA	38	C	56	HR2483
rRNA	38	G	41	HR2483
rRNA	38	T	70	HR2483
rRNA	39	A	105	HR2483
rRNA	39	C	49	HR2483
rRNA	39	G	47	HR2483
rRNA	39	T	54	HR2483
rRNA	40	A	39	HR2483
rRNA	40	C	43	HR2483
rRNA	40	G	35	HR2483
rRNA	40	T	101	HR2483
rRNA	41	A	63	HR2483
rRNA	41	C	53	HR2483
rRNA	41	G	25	HR2483
rRNA	41	T	56	HR2483
rRNA	42	A	72	HR2483
rRNA	42	C	115	HR2483
rRNA	42	G	29	HR2483
rRNA	42	T	49	HR2483
tRNA	18	A	2584	HR2483
tRNA	18	C	2376	HR2483
tRNA	18	G	4449	HR2483
tRNA	18	T	2805	HR2483
tRNA	19	A	984	HR2483
tRNA	19	C	904	HR2483
tRNA	19	G	2366	HR2483
tRNA	19	T	2276	HR2483
tRNA	20	A	1180	HR2483
tRNA	20	C	3060	HR2483
tRNA	20	G	2820	HR2483
tRNA	20	T	1801	HR2483
tRNA	21	A	628	HR2483
tRNA	21	C	1795	HR2483
tRNA	21	G	1346	HR2483
tRNA	21	T	822	HR2483
tRNA	22	A	401	HR2483
tRNA	22	C	1118	HR2483
tRNA	22	G	919	HR2483
tRNA	22	T	898	HR2483
tRNA	23	A	438	HR2483
tRNA	23	C	2784	HR2483
tRNA	23	G	1329	HR2483
tRNA	23	T	2224	HR2483
tRNA	24	A	730	HR2483
tRNA	24	C	2724	HR2483
tRNA	24	G	1854	HR2483
tRNA	24	T	1065	HR2483
tRNA	25	A	164	HR2483
tRNA	25	C	1342	HR2483
tRNA	25	G	3099	HR2483
tRNA	25	T	822	HR2483
tRNA	26	A	84	HR2483
tRNA	26	C	310	HR2483
tRNA	26	G	8555	HR2483
tRNA	26	T	21712	HR2483
tRNA	27	A	91	HR2483
tRNA	27	C	500	HR2483
tRNA	27	G	416	HR2483
tRNA	27	T	1819	HR2483
tRNA	28	A	69	HR2483
tRNA	28	C	377	HR2483
tRNA	28	G	1943	HR2483
tRNA	28	T	3643	HR2483
tRNA	29	A	76	HR2483
tRNA	29	C	771	HR2483
tRNA	29	G	9868	HR2483
tRNA	29	T	207	HR2483
tRNA	30	A	188	HR2483
tRNA	30	C	85	HR2483
tRNA	30	G	5707	HR2483
tRNA	30	T	142	HR2483
tRNA	31	A	56	HR2483
tRNA	31	C	105	HR2483
tRNA	31	G	1296	HR2483
tRNA	31	T	112	HR2483
tRNA	32	A	17	HR2483
tRNA	32	C	111	HR2483
tRNA	32	G	556	HR2483
tRNA	32	T	166	HR2483
tRNA	33	A	28	HR2483
tRNA	33	C	30	HR2483
tRNA	33	G	488	HR2483
tRNA	33	T	236	HR2483
tRNA	34	A	48	HR2483
tRNA	34	C	10	HR2483
tRNA	34	G	228	HR2483
tRNA	34	T	82	HR2483
tRNA	35	A	5	HR2483
tRNA	35	C	4	HR2483
tRNA	35	G	481	HR2483
tRNA	35	T	58	HR2483
tRNA	36	A	6	HR2483
tRNA	36	C	21	HR2483
tRNA	36	G	71	HR2483
tRNA	36	T	67	HR2483
tRNA	37	A	5	HR2483
tRNA	37	C	1	HR2483
tRNA	37	G	23	HR2483
tRNA	38	A	1	HR2483
tRNA	38	C	1	HR2483
tRNA	38	G	13	HR2483
tRNA	39	A	3	HR2483
tRNA	39	C	1	HR2483
tRNA	39	G	2	HR2483
tRNA	39	T	1	HR2483
tRNA	40	A	1	HR2483
tRNA	40	G	1	HR2483
tRNA	40	T	1	HR2483
tRNA	41	A	1	HR2483
tRNA	41	G	1	HR2483
tRNA	42	A	1	HR2483
Unknown	18	A	82254	HR2483
Unknown	18	C	64504	HR2483
Unknown	18	G	50704	HR2483
Unknown	18	T	188082	HR2483
Unknown	19	A	58217	HR2483
Unknown	19	C	63198	HR2483
Unknown	19	G	41488	HR2483
Unknown	19	T	145802	HR2483
Unknown	20	A	54974	HR2483
Unknown	20	C	65233	HR2483
Unknown	20	G	62726	HR2483
Unknown	20	T	91982	HR2483
Unknown	21	A	65172	HR2483
Unknown	21	C	53298	HR2483
Unknown	21	G	48074	HR2483
Unknown	21	T	113918	HR2483
Unknown	22	A	74501	HR2483
Unknown	22	C	93164	HR2483
Unknown	22	G	44706	HR2483
Unknown	22	T	311653	HR2483
Unknown	23	A	105773	HR2483
Unknown	23	C	66233	HR2483
Unknown	23	G	37327	HR2483
Unknown	23	T	331060	HR2483
Unknown	24	A	83774	HR2483
Unknown	24	C	72002	HR2483
Unknown	24	G	49611	HR2483
Unknown	24	T	624083	HR2483
Unknown	25	A	82666	HR2483
Unknown	25	C	71809	HR2483
Unknown	25	G	54294	HR2483
Unknown	25	T	849117	HR2483
Unknown	26	A	109619	HR2483
Unknown	26	C	203514	HR2483
Unknown	26	G	64487	HR2483
Unknown	26	T	1502706	HR2483
Unknown	27	A	167644	HR2483
Unknown	27	C	182914	HR2483
Unknown	27	G	91875	HR2483
Unknown	27	T	2512996	HR2483
Unknown	28	A	164516	HR2483
Unknown	28	C	163248	HR2483
Unknown	28	G	83134	HR2483
Unknown	28	T	3680786	HR2483
Unknown	29	A	138133	HR2483
Unknown	29	C	100492	HR2483
Unknown	29	G	52994	HR2483
Unknown	29	T	2740887	HR2483
Unknown	30	A	40743	HR2483
Unknown	30	C	32985	HR2483
Unknown	30	G	27445	HR2483
Unknown	30	T	624750	HR2483
Unknown	31	A	10943	HR2483
Unknown	31	C	8648	HR2483
Unknown	31	G	21208	HR2483
Unknown	31	T	73805	HR2483
Unknown	32	A	13905	HR2483
Unknown	32	C	31731	HR2483
Unknown	32	G	10582	HR2483
Unknown	32	T	14355	HR2483
Unknown	33	A	63555	HR2483
Unknown	33	C	7212	HR2483
Unknown	33	G	2060	HR2483
Unknown	33	T	6887	HR2483
Unknown	34	A	3345	HR2483
Unknown	34	C	2177	HR2483
Unknown	34	G	1417	HR2483
Unknown	34	T	3209	HR2483
Unknown	35	A	1143	HR2483
Unknown	35	C	685	HR2483
Unknown	35	G	1280	HR2483
Unknown	35	T	2315	HR2483
Unknown	36	A	576	HR2483
Unknown	36	C	644	HR2483
Unknown	36	G	736	HR2483
Unknown	36	T	2078	HR2483
Unknown	37	A	899	HR2483
Unknown	37	C	527	HR2483
Unknown	37	G	613	HR2483
Unknown	37	T	625	HR2483
Unknown	38	A	1279	HR2483
Unknown	38	C	273	HR2483
Unknown	38	G	267	HR2483
Unknown	38	T	413	HR2483
Unknown	39	A	912	HR2483
Unknown	39	C	169	HR2483
Unknown	39	G	185	HR2483
Unknown	39	T	701	HR2483
Unknown	40	A	1036	HR2483
Unknown	40	C	244	HR2483
Unknown	40	G	169	HR2483
Unknown	40	T	229	HR2483
Unknown	41	A	335	HR2483
Unknown	41	C	260	HR2483
Unknown	41	G	175	HR2483
Unknown	41	T	341	HR2483
Unknown	42	A	537	HR2483
Unknown	42	C	383	HR2483
Unknown	42	G	260	HR2483
Unknown	42	T	3529	HR2483
